#
# There is insufficient memory for the Java Runtime Environment to continue.
# Native memory allocation (mmap) failed to map 674234368 bytes. Error detail: G1 virtual space
# Possible reasons:
#   The system is out of physical RAM or swap space
#   This process is running with CompressedOops enabled, and the Java Heap may be blocking the growth of the native heap
# Possible solutions:
#   Reduce memory load on the system
#   Increase physical memory or swap space
#   Check if swap backing store is full
#   Decrease Java heap size (-Xmx/-Xms)
#   Decrease number of Java threads
#   Decrease Java thread stack sizes (-Xss)
#   Set larger code cache with -XX:ReservedCodeCacheSize=
#   JVM is running with Unscaled Compressed Oops mode in which the Java heap is
#     placed in the first 4GB address space. The Java Heap base address is the
#     maximum limit for the native heap growth. Please use -XX:HeapBaseMinAddress
#     to set the Java Heap base and to place the Java Heap above 4GB virtual address.
# This output file may be truncated or incomplete.
#
#  Out of Memory Error (os_windows.cpp:3925), pid=26824, tid=15496
#
# JRE version: OpenJDK Runtime Environment (21.0.9) (build 21.0.9+-14787801-b1163.94)
# Java VM: OpenJDK 64-Bit Server VM (21.0.9+-14787801-b1163.94, mixed mode, tiered, compressed oops, compressed class ptrs, g1 gc, windows-amd64)
# No core dump will be written. Minidumps are not enabled by default on client versions of Windows
#

---------------  S U M M A R Y ------------

Command Line: --add-opens=java.base/java.lang=ALL-UNNAMED --add-opens=java.base/java.lang.invoke=ALL-UNNAMED --add-opens=java.base/java.util=ALL-UNNAMED --add-opens=java.prefs/java.util.prefs=ALL-UNNAMED --add-exports=jdk.compiler/com.sun.tools.javac.api=ALL-UNNAMED --add-exports=jdk.compiler/com.sun.tools.javac.util=ALL-UNNAMED --add-opens=java.base/java.util=ALL-UNNAMED --add-opens=java.prefs/java.util.prefs=ALL-UNNAMED --add-opens=java.base/java.nio.charset=ALL-UNNAMED --add-opens=java.base/java.net=ALL-UNNAMED --add-opens=java.base/java.util.concurrent.atomic=ALL-UNNAMED --add-opens=java.xml/javax.xml.namespace=ALL-UNNAMED -Xmx2048m -Dfile.encoding=UTF-8 -Duser.country=IN -Duser.language=en -Duser.variant -javaagent:C:\Users\rithv\.gradle\wrapper\dists\gradle-8.11.1-bin\bpt9gzteqjrbo1mjrsomdt32c\gradle-8.11.1\lib\agents\gradle-instrumentation-agent-8.11.1.jar org.gradle.launcher.daemon.bootstrap.GradleDaemon 8.11.1

Host: 11th Gen Intel(R) Core(TM) i5-11500 @ 2.70GHz, 12 cores, 7G,  Windows 11 , 64 bit Build 26100 (10.0.26100.7920)
Time: Tue Mar 31 17:51:54 2026 India Standard Time elapsed time: 80.629308 seconds (0d 0h 1m 20s)

---------------  T H R E A D  ---------------

Current thread (0x00000203cb6dcaa0):  VMThread "VM Thread"          [id=15496, stack(0x0000001a5bf00000,0x0000001a5c000000) (1024K)]

Stack: [0x0000001a5bf00000,0x0000001a5c000000]
Native frames: (J=compiled Java code, j=interpreted, Vv=VM code, C=native code)
V  [jvm.dll+0x6d6c99]
V  [jvm.dll+0x866b83]
V  [jvm.dll+0x8691ae]
V  [jvm.dll+0x869893]
V  [jvm.dll+0x280776]
V  [jvm.dll+0x6d3555]
V  [jvm.dll+0x6c6bea]
V  [jvm.dll+0x3587fb]
V  [jvm.dll+0x360476]
V  [jvm.dll+0x3b2646]
V  [jvm.dll+0x3b2918]
V  [jvm.dll+0x32af0c]
V  [jvm.dll+0x32af97]
V  [jvm.dll+0x370e7c]
V  [jvm.dll+0x36f62e]
V  [jvm.dll+0x32a661]
V  [jvm.dll+0x36ed30]
V  [jvm.dll+0x86f618]
V  [jvm.dll+0x870994]
V  [jvm.dll+0x870ed0]
V  [jvm.dll+0x871163]
V  [jvm.dll+0x80f118]
V  [jvm.dll+0x6d54ed]
C  [ucrtbase.dll+0x37b0]
C  [KERNEL32.DLL+0x2e8d7]
C  [ntdll.dll+0x8c48c]

VM_Operation (0x0000001a601fad30): G1CollectForAllocation, mode: safepoint, requested by thread 0x00000203d56b0a00


---------------  P R O C E S S  ---------------

Threads class SMR info:
_java_thread_list=0x00000203d4591520, length=165, elements={
0x00000203b15b0cb0, 0x00000203cb757110, 0x00000203cb75d940, 0x00000203cb75e3a0,
0x00000203cb778d10, 0x00000203cb767920, 0x00000203cb759b80, 0x00000203cb75a1f0,
0x00000203cb784a80, 0x00000203cb785130, 0x00000203cba7f390, 0x00000203d21e7330,
0x00000203d1fed9d0, 0x00000203d24ee2e0, 0x00000203d22af030, 0x00000203d24f6990,
0x00000203d22bcb00, 0x00000203d22bd820, 0x00000203d22be540, 0x00000203d22bd190,
0x00000203d22bc470, 0x00000203d22bdeb0, 0x00000203d22bebd0, 0x00000203d22bf260,
0x00000203d25c4dd0, 0x00000203d25c6180, 0x00000203d25c8250, 0x00000203d25c6810,
0x00000203d25c6ea0, 0x00000203d25c7530, 0x00000203d25c7bc0, 0x00000203d25c5460,
0x00000203d25c5af0, 0x00000203d426c570, 0x00000203d426d920, 0x00000203d426ab30,
0x00000203d426a4a0, 0x00000203d426bee0, 0x00000203d426b1c0, 0x00000203d426cc00,
0x00000203d426d290, 0x00000203d426b850, 0x00000203d4271ac0, 0x00000203d426e640,
0x00000203d4271430, 0x00000203d56abb40, 0x00000203d56ac1d0, 0x00000203d56af650,
0x00000203d56aefc0, 0x00000203d56ac860, 0x00000203d56b1720, 0x00000203d56b0370,
0x00000203d56b2440, 0x00000203d56b1db0, 0x00000203d56b0a00, 0x00000203d56b2ad0,
0x00000203d56b3160, 0x00000203d56b1090, 0x00000203d4270080, 0x00000203d56acef0,
0x00000203d56ad580, 0x00000203d56ae2a0, 0x00000203d56afce0, 0x00000203d424db40,
0x00000203d424c790, 0x00000203d424ba70, 0x00000203d424ce20, 0x00000203d424d4b0,
0x00000203d424e1d0, 0x00000203d424c100, 0x00000203d4bb8da0, 0x00000203d4bb9430,
0x00000203d4bb8710, 0x00000203d4bbbb90, 0x00000203d4bbe2f0, 0x00000203d4bbd5d0,
0x00000203d4bbb500, 0x00000203d4bbdc60, 0x00000203d4bbae70, 0x00000203d4bbc220,
0x00000203d4bbc8b0, 0x00000203d4bbcf40, 0x00000203d4250fc0, 0x00000203d56568b0,
0x00000203d5656f40, 0x00000203d520fb90, 0x00000203d520f500, 0x00000203d3ff5f30,
0x00000203d3ff93b0, 0x00000203d3ff6c50, 0x00000203d3ff8d20, 0x00000203d3ff72e0,
0x00000203d3ff65c0, 0x00000203d3ff7970, 0x00000203d3ff8000, 0x00000203d3ff8690,
0x00000203d2beb070, 0x00000203cb8884a0, 0x00000203cb888b30, 0x00000203d14ee8b0,
0x00000203d14ee220, 0x00000203d128ca20, 0x00000203d5961d10, 0x00000203d59623a0,
0x00000203d5962a30, 0x00000203d59630c0, 0x00000203d5963750, 0x00000203d2dbe9f0,
0x00000203d2dbe360, 0x00000203d591b080, 0x00000203d591bda0, 0x00000203d591a9f0,
0x00000203d5655b90, 0x00000203d5656220, 0x00000203d591b710, 0x00000203d591c430,
0x00000203d5918fb0, 0x00000203d5919640, 0x00000203d5919cd0, 0x00000203d591a360,
0x00000203d4f19360, 0x00000203d4f1a080, 0x00000203d4f1b430, 0x00000203d4f1a710,
0x00000203d4f18640, 0x00000203d4f17fb0, 0x00000203d4f199f0, 0x00000203d4f1ada0,
0x00000203d4f18cd0, 0x00000203d2cdf390, 0x00000203d2cdbf10, 0x00000203d5805900,
0x00000203d424f580, 0x00000203d2cdc5a0, 0x00000203d2cdcc30, 0x00000203d2cdd2c0,
0x00000203d2cddfe0, 0x00000203d2cdd950, 0x00000203d2cde670, 0x00000203d2cded00,
0x00000203d2e2d960, 0x00000203d2e2ed10, 0x00000203d1329620, 0x00000203d4dbaa10,
0x00000203d6d4fd00, 0x00000203d6d50a20, 0x00000203d6d510b0, 0x00000203d6d50390,
0x00000203d0e7ff70, 0x00000203d0e80600, 0x00000203d0e7f8e0, 0x00000203d0e7dea0,
0x00000203d0e80c90, 0x00000203d5961680, 0x00000203d5960ff0, 0x00000203d59602d0,
0x00000203d4252370, 0x00000203d2fa1c80, 0x00000203d2fa29a0, 0x00000203d2fa3030,
0x00000203d2fa3d50, 0x00000203d2fa43e0, 0x00000203d2fa36c0, 0x00000203d2fa0f60,
0x00000203d3db13a0
}

Java Threads: ( => current thread )
  0x00000203b15b0cb0 JavaThread "main"                              [_thread_blocked, id=13916, stack(0x0000001a5b800000,0x0000001a5b900000) (1024K)]
  0x00000203cb757110 JavaThread "Common-Cleaner"             daemon [_thread_blocked, id=8896, stack(0x0000001a5c000000,0x0000001a5c100000) (1024K)]
  0x00000203cb75d940 JavaThread "Reference Handler"          daemon [_thread_blocked, id=12400, stack(0x0000001a5c100000,0x0000001a5c200000) (1024K)]
  0x00000203cb75e3a0 JavaThread "Finalizer"                  daemon [_thread_blocked, id=11260, stack(0x0000001a5c200000,0x0000001a5c300000) (1024K)]
  0x00000203cb778d10 JavaThread "Signal Dispatcher"          daemon [_thread_blocked, id=19848, stack(0x0000001a5c300000,0x0000001a5c400000) (1024K)]
  0x00000203cb767920 JavaThread "Attach Listener"            daemon [_thread_blocked, id=6360, stack(0x0000001a5c400000,0x0000001a5c500000) (1024K)]
  0x00000203cb759b80 JavaThread "Service Thread"             daemon [_thread_blocked, id=1404, stack(0x0000001a5c500000,0x0000001a5c600000) (1024K)]
  0x00000203cb75a1f0 JavaThread "Monitor Deflation Thread"   daemon [_thread_blocked, id=26120, stack(0x0000001a5c600000,0x0000001a5c700000) (1024K)]
  0x00000203cb784a80 JavaThread "C2 CompilerThread0"         daemon [_thread_blocked, id=18296, stack(0x0000001a5c700000,0x0000001a5c800000) (1024K)]
  0x00000203cb785130 JavaThread "C1 CompilerThread0"         daemon [_thread_blocked, id=28076, stack(0x0000001a5c800000,0x0000001a5c900000) (1024K)]
  0x00000203cba7f390 JavaThread "Notification Thread"        daemon [_thread_blocked, id=26200, stack(0x0000001a5c900000,0x0000001a5ca00000) (1024K)]
  0x00000203d21e7330 JavaThread "Daemon health stats"               [_thread_blocked, id=3852, stack(0x0000001a5cf00000,0x0000001a5d000000) (1024K)]
  0x00000203d1fed9d0 JavaThread "Incoming local TCP Connector on port 64494"        [_thread_in_native, id=16744, stack(0x0000001a5d000000,0x0000001a5d100000) (1024K)]
  0x00000203d24ee2e0 JavaThread "Daemon periodic checks"            [_thread_blocked, id=12064, stack(0x0000001a5d100000,0x0000001a5d200000) (1024K)]
  0x00000203d22af030 JavaThread "Daemon"                            [_thread_blocked, id=2484, stack(0x0000001a5d200000,0x0000001a5d300000) (1024K)]
  0x00000203d24f6990 JavaThread "Handler for socket connection from /127.0.0.1:64494 to /127.0.0.1:64495"        [_thread_in_native, id=9328, stack(0x0000001a5d300000,0x0000001a5d400000) (1024K)]
  0x00000203d22bcb00 JavaThread "Cancel handler"                    [_thread_blocked, id=7608, stack(0x0000001a5d400000,0x0000001a5d500000) (1024K)]
  0x00000203d22bd820 JavaThread "Daemon worker"                     [_thread_blocked, id=27940, stack(0x0000001a5dc00000,0x0000001a5dd00000) (1024K)]
  0x00000203d22be540 JavaThread "Asynchronous log dispatcher for DefaultDaemonConnection: socket connection from /127.0.0.1:64494 to /127.0.0.1:64495"        [_thread_blocked, id=21520, stack(0x0000001a5dd00000,0x0000001a5de00000) (1024K)]
  0x00000203d22bd190 JavaThread "Stdin handler"                     [_thread_blocked, id=4332, stack(0x0000001a5de00000,0x0000001a5df00000) (1024K)]
  0x00000203d22bc470 JavaThread "Daemon client event forwarder"        [_thread_blocked, id=19488, stack(0x0000001a5df00000,0x0000001a5e000000) (1024K)]
  0x00000203d22bdeb0 JavaThread "Cache worker for journal cache (C:\Users\rithv\.gradle\caches\journal-1)"        [_thread_blocked, id=11912, stack(0x0000001a5e000000,0x0000001a5e100000) (1024K)]
  0x00000203d22bebd0 JavaThread "File lock request listener"        [_thread_in_native, id=14032, stack(0x0000001a5e100000,0x0000001a5e200000) (1024K)]
  0x00000203d22bf260 JavaThread "Cache worker for file hash cache (C:\Users\rithv\.gradle\caches\8.11.1\fileHashes)"        [_thread_blocked, id=6648, stack(0x0000001a5e200000,0x0000001a5e300000) (1024K)]
  0x00000203d25c4dd0 JavaThread "Cache worker for file content cache (C:\Users\rithv\.gradle\caches\8.11.1\fileContent)"        [_thread_blocked, id=13444, stack(0x0000001a5e300000,0x0000001a5e400000) (1024K)]
  0x00000203d25c6180 JavaThread "Cache worker for file hash cache (N:\research_vun_security\security_test\.gradle\8.11.1\fileHashes)"        [_thread_blocked, id=26240, stack(0x0000001a5e500000,0x0000001a5e600000) (1024K)]
  0x00000203d25c8250 JavaThread "Cache worker for Build Output Cleanup Cache (N:\research_vun_security\security_test\.gradle\buildOutputCleanup)"        [_thread_blocked, id=11368, stack(0x0000001a5e600000,0x0000001a5e700000) (1024K)]
  0x00000203d25c6810 JavaThread "File watcher server"        daemon [_thread_in_native, id=28056, stack(0x0000001a5e700000,0x0000001a5e800000) (1024K)]
  0x00000203d25c6ea0 JavaThread "File watcher consumer"      daemon [_thread_blocked, id=15072, stack(0x0000001a5e800000,0x0000001a5e900000) (1024K)]
  0x00000203d25c7530 JavaThread "jar transforms"                    [_thread_blocked, id=16628, stack(0x0000001a5ca00000,0x0000001a5cb00000) (1024K)]
  0x00000203d25c7bc0 JavaThread "jar transforms Thread 2"           [_thread_blocked, id=8768, stack(0x0000001a5e400000,0x0000001a5e500000) (1024K)]
  0x00000203d25c5460 JavaThread "jar transforms Thread 3"           [_thread_blocked, id=27296, stack(0x0000001a5e900000,0x0000001a5ea00000) (1024K)]
  0x00000203d25c5af0 JavaThread "jar transforms Thread 4"           [_thread_blocked, id=22584, stack(0x0000001a5ea00000,0x0000001a5eb00000) (1024K)]
  0x00000203d426c570 JavaThread "jar transforms Thread 5"           [_thread_blocked, id=2072, stack(0x0000001a5eb00000,0x0000001a5ec00000) (1024K)]
  0x00000203d426d920 JavaThread "jar transforms Thread 6"           [_thread_blocked, id=7820, stack(0x0000001a5ec00000,0x0000001a5ed00000) (1024K)]
  0x00000203d426ab30 JavaThread "jar transforms Thread 7"           [_thread_blocked, id=24572, stack(0x0000001a5ed00000,0x0000001a5ee00000) (1024K)]
  0x00000203d426a4a0 JavaThread "jar transforms Thread 8"           [_thread_blocked, id=9252, stack(0x0000001a5ee00000,0x0000001a5ef00000) (1024K)]
  0x00000203d426bee0 JavaThread "jar transforms Thread 9"           [_thread_blocked, id=14836, stack(0x0000001a5ef00000,0x0000001a5f000000) (1024K)]
  0x00000203d426b1c0 JavaThread "jar transforms Thread 10"          [_thread_blocked, id=11068, stack(0x0000001a5f000000,0x0000001a5f100000) (1024K)]
  0x00000203d426cc00 JavaThread "jar transforms Thread 11"          [_thread_blocked, id=19520, stack(0x0000001a5f100000,0x0000001a5f200000) (1024K)]
  0x00000203d426d290 JavaThread "jar transforms Thread 12"          [_thread_blocked, id=25764, stack(0x0000001a5f200000,0x0000001a5f300000) (1024K)]
  0x00000203d426b850 JavaThread "Cache worker for checksums cache (N:\research_vun_security\security_test\.gradle\8.11.1\checksums)"        [_thread_blocked, id=8196, stack(0x0000001a5f400000,0x0000001a5f500000) (1024K)]
  0x00000203d4271ac0 JavaThread "Cache worker for cache directory md-rule (C:\Users\rithv\.gradle\caches\8.11.1\md-rule)"        [_thread_blocked, id=28340, stack(0x0000001a5f500000,0x0000001a5f600000) (1024K)]
  0x00000203d426e640 JavaThread "Cache worker for cache directory md-supplier (C:\Users\rithv\.gradle\caches\8.11.1\md-supplier)"        [_thread_blocked, id=21552, stack(0x0000001a5f600000,0x0000001a5f700000) (1024K)]
  0x00000203d4271430 JavaThread "Unconstrained build operations"        [_thread_blocked, id=28028, stack(0x0000001a5f700000,0x0000001a5f800000) (1024K)]
  0x00000203d56abb40 JavaThread "Unconstrained build operations Thread 2"        [_thread_blocked, id=25060, stack(0x0000001a5f800000,0x0000001a5f900000) (1024K)]
  0x00000203d56ac1d0 JavaThread "Unconstrained build operations Thread 3"        [_thread_blocked, id=28524, stack(0x0000001a5f900000,0x0000001a5fa00000) (1024K)]
  0x00000203d56af650 JavaThread "Unconstrained build operations Thread 4"        [_thread_blocked, id=9480, stack(0x0000001a5fa00000,0x0000001a5fb00000) (1024K)]
  0x00000203d56aefc0 JavaThread "Unconstrained build operations Thread 5"        [_thread_blocked, id=23444, stack(0x0000001a5fb00000,0x0000001a5fc00000) (1024K)]
  0x00000203d56ac860 JavaThread "Unconstrained build operations Thread 6"        [_thread_blocked, id=27956, stack(0x0000001a5fc00000,0x0000001a5fd00000) (1024K)]
  0x00000203d56b1720 JavaThread "Unconstrained build operations Thread 7"        [_thread_blocked, id=14544, stack(0x0000001a5fd00000,0x0000001a5fe00000) (1024K)]
  0x00000203d56b0370 JavaThread "Unconstrained build operations Thread 8"        [_thread_blocked, id=28172, stack(0x0000001a5fe00000,0x0000001a5ff00000) (1024K)]
  0x00000203d56b2440 JavaThread "Unconstrained build operations Thread 9"        [_thread_blocked, id=5176, stack(0x0000001a5ff00000,0x0000001a60000000) (1024K)]
  0x00000203d56b1db0 JavaThread "Unconstrained build operations Thread 10"        [_thread_blocked, id=26364, stack(0x0000001a60000000,0x0000001a60100000) (1024K)]
  0x00000203d56b0a00 JavaThread "Unconstrained build operations Thread 11"        [_thread_blocked, id=7836, stack(0x0000001a60100000,0x0000001a60200000) (1024K)]
  0x00000203d56b2ad0 JavaThread "Unconstrained build operations Thread 12"        [_thread_blocked, id=16232, stack(0x0000001a60200000,0x0000001a60300000) (1024K)]
  0x00000203d56b3160 JavaThread "Unconstrained build operations Thread 13"        [_thread_blocked, id=23736, stack(0x0000001a60300000,0x0000001a60400000) (1024K)]
  0x00000203d56b1090 JavaThread "Unconstrained build operations Thread 14"        [_thread_blocked, id=7312, stack(0x0000001a60400000,0x0000001a60500000) (1024K)]
  0x00000203d4270080 JavaThread "Unconstrained build operations Thread 15"        [_thread_blocked, id=25264, stack(0x0000001a60500000,0x0000001a60600000) (1024K)]
  0x00000203d56acef0 JavaThread "Unconstrained build operations Thread 16"        [_thread_blocked, id=28264, stack(0x0000001a60600000,0x0000001a60700000) (1024K)]
  0x00000203d56ad580 JavaThread "Unconstrained build operations Thread 17"        [_thread_blocked, id=17300, stack(0x0000001a60700000,0x0000001a60800000) (1024K)]
  0x00000203d56ae2a0 JavaThread "Unconstrained build operations Thread 18"        [_thread_blocked, id=17524, stack(0x0000001a60800000,0x0000001a60900000) (1024K)]
  0x00000203d56afce0 JavaThread "Unconstrained build operations Thread 19"        [_thread_blocked, id=17436, stack(0x0000001a60900000,0x0000001a60a00000) (1024K)]
  0x00000203d424db40 JavaThread "Unconstrained build operations Thread 20"        [_thread_blocked, id=28120, stack(0x0000001a60a00000,0x0000001a60b00000) (1024K)]
  0x00000203d424c790 JavaThread "Unconstrained build operations Thread 21"        [_thread_blocked, id=17848, stack(0x0000001a60b00000,0x0000001a60c00000) (1024K)]
  0x00000203d424ba70 JavaThread "Unconstrained build operations Thread 22"        [_thread_blocked, id=21024, stack(0x0000001a60c00000,0x0000001a60d00000) (1024K)]
  0x00000203d424ce20 JavaThread "Unconstrained build operations Thread 23"        [_thread_blocked, id=16460, stack(0x0000001a60d00000,0x0000001a60e00000) (1024K)]
  0x00000203d424d4b0 JavaThread "Unconstrained build operations Thread 24"        [_thread_blocked, id=2396, stack(0x0000001a60e00000,0x0000001a60f00000) (1024K)]
  0x00000203d424e1d0 JavaThread "Unconstrained build operations Thread 25"        [_thread_blocked, id=12460, stack(0x0000001a60f00000,0x0000001a61000000) (1024K)]
  0x00000203d424c100 JavaThread "Unconstrained build operations Thread 26"        [_thread_blocked, id=816, stack(0x0000001a61000000,0x0000001a61100000) (1024K)]
  0x00000203d4bb8da0 JavaThread "Unconstrained build operations Thread 27"        [_thread_blocked, id=16692, stack(0x0000001a5f300000,0x0000001a5f400000) (1024K)]
  0x00000203d4bb9430 JavaThread "Unconstrained build operations Thread 28"        [_thread_blocked, id=12292, stack(0x0000001a61100000,0x0000001a61200000) (1024K)]
  0x00000203d4bb8710 JavaThread "Unconstrained build operations Thread 29"        [_thread_blocked, id=20948, stack(0x0000001a61300000,0x0000001a61400000) (1024K)]
  0x00000203d4bbbb90 JavaThread "Unconstrained build operations Thread 30"        [_thread_blocked, id=5824, stack(0x0000001a61400000,0x0000001a61500000) (1024K)]
  0x00000203d4bbe2f0 JavaThread "Unconstrained build operations Thread 31"        [_thread_blocked, id=16068, stack(0x0000001a61500000,0x0000001a61600000) (1024K)]
  0x00000203d4bbd5d0 JavaThread "Unconstrained build operations Thread 32"        [_thread_blocked, id=7028, stack(0x0000001a61600000,0x0000001a61700000) (1024K)]
  0x00000203d4bbb500 JavaThread "Unconstrained build operations Thread 33"        [_thread_blocked, id=22028, stack(0x0000001a61700000,0x0000001a61800000) (1024K)]
  0x00000203d4bbdc60 JavaThread "Unconstrained build operations Thread 34"        [_thread_blocked, id=7704, stack(0x0000001a61800000,0x0000001a61900000) (1024K)]
  0x00000203d4bbae70 JavaThread "Unconstrained build operations Thread 35"        [_thread_blocked, id=7568, stack(0x0000001a61900000,0x0000001a61a00000) (1024K)]
  0x00000203d4bbc220 JavaThread "Unconstrained build operations Thread 36"        [_thread_blocked, id=27984, stack(0x0000001a61a00000,0x0000001a61b00000) (1024K)]
  0x00000203d4bbc8b0 JavaThread "Unconstrained build operations Thread 37"        [_thread_blocked, id=10084, stack(0x0000001a61b00000,0x0000001a61c00000) (1024K)]
  0x00000203d4bbcf40 JavaThread "Unconstrained build operations Thread 38"        [_thread_blocked, id=16852, stack(0x0000001a61c00000,0x0000001a61d00000) (1024K)]
  0x00000203d4250fc0 JavaThread "Unconstrained build operations Thread 39"        [_thread_blocked, id=24064, stack(0x0000001a61d00000,0x0000001a61e00000) (1024K)]
  0x00000203d56568b0 JavaThread "Unconstrained build operations Thread 40"        [_thread_blocked, id=12272, stack(0x0000001a61e00000,0x0000001a61f00000) (1024K)]
  0x00000203d5656f40 JavaThread "Unconstrained build operations Thread 41"        [_thread_blocked, id=7868, stack(0x0000001a61f00000,0x0000001a62000000) (1024K)]
  0x00000203d520fb90 JavaThread "Unconstrained build operations Thread 42"        [_thread_blocked, id=776, stack(0x0000001a62000000,0x0000001a62100000) (1024K)]
  0x00000203d520f500 JavaThread "Unconstrained build operations Thread 43"        [_thread_blocked, id=10072, stack(0x0000001a62100000,0x0000001a62200000) (1024K)]
  0x00000203d3ff5f30 JavaThread "Unconstrained build operations Thread 44"        [_thread_blocked, id=5428, stack(0x0000001a62200000,0x0000001a62300000) (1024K)]
  0x00000203d3ff93b0 JavaThread "Unconstrained build operations Thread 45"        [_thread_blocked, id=3268, stack(0x0000001a62300000,0x0000001a62400000) (1024K)]
  0x00000203d3ff6c50 JavaThread "Unconstrained build operations Thread 46"        [_thread_blocked, id=28080, stack(0x0000001a62400000,0x0000001a62500000) (1024K)]
  0x00000203d3ff8d20 JavaThread "Unconstrained build operations Thread 47"        [_thread_blocked, id=8576, stack(0x0000001a62500000,0x0000001a62600000) (1024K)]
  0x00000203d3ff72e0 JavaThread "Unconstrained build operations Thread 48"        [_thread_blocked, id=10040, stack(0x0000001a62600000,0x0000001a62700000) (1024K)]
  0x00000203d3ff65c0 JavaThread "Unconstrained build operations Thread 49"        [_thread_blocked, id=23664, stack(0x0000001a62700000,0x0000001a62800000) (1024K)]
  0x00000203d3ff7970 JavaThread "Unconstrained build operations Thread 50"        [_thread_blocked, id=5316, stack(0x0000001a62800000,0x0000001a62900000) (1024K)]
  0x00000203d3ff8000 JavaThread "Unconstrained build operations Thread 51"        [_thread_blocked, id=14204, stack(0x0000001a62900000,0x0000001a62a00000) (1024K)]
  0x00000203d3ff8690 JavaThread "Unconstrained build operations Thread 52"        [_thread_blocked, id=17464, stack(0x0000001a62a00000,0x0000001a62b00000) (1024K)]
  0x00000203d2beb070 JavaThread "Unconstrained build operations Thread 53"        [_thread_blocked, id=28164, stack(0x0000001a62b00000,0x0000001a62c00000) (1024K)]
  0x00000203cb8884a0 JavaThread "Unconstrained build operations Thread 54"        [_thread_blocked, id=5352, stack(0x0000001a62d00000,0x0000001a62e00000) (1024K)]
  0x00000203cb888b30 JavaThread "Unconstrained build operations Thread 55"        [_thread_blocked, id=25584, stack(0x0000001a62e00000,0x0000001a62f00000) (1024K)]
  0x00000203d14ee8b0 JavaThread "Unconstrained build operations Thread 56"        [_thread_blocked, id=14156, stack(0x0000001a62c00000,0x0000001a62d00000) (1024K)]
  0x00000203d14ee220 JavaThread "Unconstrained build operations Thread 57"        [_thread_blocked, id=25812, stack(0x0000001a62f00000,0x0000001a63000000) (1024K)]
  0x00000203d128ca20 JavaThread "Unconstrained build operations Thread 58"        [_thread_blocked, id=11016, stack(0x0000001a63000000,0x0000001a63100000) (1024K)]
  0x00000203d5961d10 JavaThread "Unconstrained build operations Thread 59"        [_thread_blocked, id=11120, stack(0x0000001a63100000,0x0000001a63200000) (1024K)]
  0x00000203d59623a0 JavaThread "Unconstrained build operations Thread 60"        [_thread_blocked, id=26924, stack(0x0000001a63200000,0x0000001a63300000) (1024K)]
  0x00000203d5962a30 JavaThread "Unconstrained build operations Thread 61"        [_thread_blocked, id=14944, stack(0x0000001a63300000,0x0000001a63400000) (1024K)]
  0x00000203d59630c0 JavaThread "Unconstrained build operations Thread 62"        [_thread_blocked, id=6260, stack(0x0000001a63400000,0x0000001a63500000) (1024K)]
  0x00000203d5963750 JavaThread "Unconstrained build operations Thread 63"        [_thread_blocked, id=11772, stack(0x0000001a63500000,0x0000001a63600000) (1024K)]
  0x00000203d2dbe9f0 JavaThread "Unconstrained build operations Thread 64"        [_thread_blocked, id=27788, stack(0x0000001a63600000,0x0000001a63700000) (1024K)]
  0x00000203d2dbe360 JavaThread "Unconstrained build operations Thread 65"        [_thread_blocked, id=6080, stack(0x0000001a63700000,0x0000001a63800000) (1024K)]
  0x00000203d591b080 JavaThread "Unconstrained build operations Thread 66"        [_thread_blocked, id=20792, stack(0x0000001a63800000,0x0000001a63900000) (1024K)]
  0x00000203d591bda0 JavaThread "Unconstrained build operations Thread 67"        [_thread_blocked, id=21488, stack(0x0000001a63900000,0x0000001a63a00000) (1024K)]
  0x00000203d591a9f0 JavaThread "Unconstrained build operations Thread 68"        [_thread_blocked, id=2900, stack(0x0000001a63a00000,0x0000001a63b00000) (1024K)]
  0x00000203d5655b90 JavaThread "Unconstrained build operations Thread 69"        [_thread_blocked, id=23976, stack(0x0000001a63b00000,0x0000001a63c00000) (1024K)]
  0x00000203d5656220 JavaThread "Unconstrained build operations Thread 70"        [_thread_blocked, id=28592, stack(0x0000001a63c00000,0x0000001a63d00000) (1024K)]
  0x00000203d591b710 JavaThread "Unconstrained build operations Thread 71"        [_thread_blocked, id=9320, stack(0x0000001a63d00000,0x0000001a63e00000) (1024K)]
  0x00000203d591c430 JavaThread "Unconstrained build operations Thread 72"        [_thread_blocked, id=18624, stack(0x0000001a63e00000,0x0000001a63f00000) (1024K)]
  0x00000203d5918fb0 JavaThread "Unconstrained build operations Thread 73"        [_thread_blocked, id=19076, stack(0x0000001a63f00000,0x0000001a64000000) (1024K)]
  0x00000203d5919640 JavaThread "Unconstrained build operations Thread 74"        [_thread_blocked, id=14528, stack(0x0000001a64000000,0x0000001a64100000) (1024K)]
  0x00000203d5919cd0 JavaThread "Unconstrained build operations Thread 75"        [_thread_blocked, id=2784, stack(0x0000001a64100000,0x0000001a64200000) (1024K)]
  0x00000203d591a360 JavaThread "Unconstrained build operations Thread 76"        [_thread_blocked, id=24796, stack(0x0000001a64200000,0x0000001a64300000) (1024K)]
  0x00000203d4f19360 JavaThread "Unconstrained build operations Thread 77"        [_thread_blocked, id=15924, stack(0x0000001a64300000,0x0000001a64400000) (1024K)]
  0x00000203d4f1a080 JavaThread "Unconstrained build operations Thread 78"        [_thread_blocked, id=27712, stack(0x0000001a64400000,0x0000001a64500000) (1024K)]
  0x00000203d4f1b430 JavaThread "Unconstrained build operations Thread 79"        [_thread_blocked, id=28156, stack(0x0000001a64500000,0x0000001a64600000) (1024K)]
  0x00000203d4f1a710 JavaThread "Unconstrained build operations Thread 80"        [_thread_blocked, id=10556, stack(0x0000001a64700000,0x0000001a64800000) (1024K)]
  0x00000203d4f18640 JavaThread "Unconstrained build operations Thread 81"        [_thread_blocked, id=28388, stack(0x0000001a64800000,0x0000001a64900000) (1024K)]
  0x00000203d4f17fb0 JavaThread "Unconstrained build operations Thread 82"        [_thread_blocked, id=18772, stack(0x0000001a64600000,0x0000001a64700000) (1024K)]
  0x00000203d4f199f0 JavaThread "Unconstrained build operations Thread 83"        [_thread_blocked, id=10156, stack(0x0000001a64900000,0x0000001a64a00000) (1024K)]
  0x00000203d4f1ada0 JavaThread "Unconstrained build operations Thread 84"        [_thread_blocked, id=5556, stack(0x0000001a64a00000,0x0000001a64b00000) (1024K)]
  0x00000203d4f18cd0 JavaThread "Unconstrained build operations Thread 85"        [_thread_blocked, id=10700, stack(0x0000001a64b00000,0x0000001a64c00000) (1024K)]
  0x00000203d2cdf390 JavaThread "Unconstrained build operations Thread 86"        [_thread_blocked, id=21376, stack(0x0000001a64c00000,0x0000001a64d00000) (1024K)]
  0x00000203d2cdbf10 JavaThread "Unconstrained build operations Thread 87"        [_thread_blocked, id=28192, stack(0x0000001a64d00000,0x0000001a64e00000) (1024K)]
  0x00000203d5805900 JavaThread "Unconstrained build operations Thread 88"        [_thread_blocked, id=17924, stack(0x0000001a64e00000,0x0000001a64f00000) (1024K)]
  0x00000203d424f580 JavaThread "Unconstrained build operations Thread 89"        [_thread_blocked, id=28604, stack(0x0000001a64f00000,0x0000001a65000000) (1024K)]
  0x00000203d2cdc5a0 JavaThread "Unconstrained build operations Thread 90"        [_thread_blocked, id=27336, stack(0x0000001a65000000,0x0000001a65100000) (1024K)]
  0x00000203d2cdcc30 JavaThread "Unconstrained build operations Thread 91"        [_thread_blocked, id=18568, stack(0x0000001a65100000,0x0000001a65200000) (1024K)]
  0x00000203d2cdd2c0 JavaThread "Unconstrained build operations Thread 92"        [_thread_blocked, id=22880, stack(0x0000001a65200000,0x0000001a65300000) (1024K)]
  0x00000203d2cddfe0 JavaThread "Unconstrained build operations Thread 93"        [_thread_blocked, id=16516, stack(0x0000001a65300000,0x0000001a65400000) (1024K)]
  0x00000203d2cdd950 JavaThread "Unconstrained build operations Thread 94"        [_thread_blocked, id=27408, stack(0x0000001a65400000,0x0000001a65500000) (1024K)]
  0x00000203d2cde670 JavaThread "Unconstrained build operations Thread 95"        [_thread_blocked, id=11716, stack(0x0000001a65500000,0x0000001a65600000) (1024K)]
  0x00000203d2cded00 JavaThread "Unconstrained build operations Thread 96"        [_thread_blocked, id=18220, stack(0x0000001a65600000,0x0000001a65700000) (1024K)]
  0x00000203d2e2d960 JavaThread "Unconstrained build operations Thread 97"        [_thread_blocked, id=24828, stack(0x0000001a65700000,0x0000001a65800000) (1024K)]
  0x00000203d2e2ed10 JavaThread "Unconstrained build operations Thread 98"        [_thread_blocked, id=16096, stack(0x0000001a65800000,0x0000001a65900000) (1024K)]
  0x00000203d1329620 JavaThread "Unconstrained build operations Thread 99"        [_thread_blocked, id=4168, stack(0x0000001a65900000,0x0000001a65a00000) (1024K)]
  0x00000203d4dbaa10 JavaThread "Unconstrained build operations Thread 100"        [_thread_blocked, id=28448, stack(0x0000001a65a00000,0x0000001a65b00000) (1024K)]
  0x00000203d6d4fd00 JavaThread "Unconstrained build operations Thread 101"        [_thread_blocked, id=18188, stack(0x0000001a65b00000,0x0000001a65c00000) (1024K)]
  0x00000203d6d50a20 JavaThread "Unconstrained build operations Thread 102"        [_thread_blocked, id=7468, stack(0x0000001a65c00000,0x0000001a65d00000) (1024K)]
  0x00000203d6d510b0 JavaThread "Unconstrained build operations Thread 103"        [_thread_blocked, id=1876, stack(0x0000001a65d00000,0x0000001a65e00000) (1024K)]
  0x00000203d6d50390 JavaThread "Unconstrained build operations Thread 104"        [_thread_blocked, id=2644, stack(0x0000001a65e00000,0x0000001a65f00000) (1024K)]
  0x00000203d0e7ff70 JavaThread "Unconstrained build operations Thread 105"        [_thread_blocked, id=11728, stack(0x0000001a65f00000,0x0000001a66000000) (1024K)]
  0x00000203d0e80600 JavaThread "Unconstrained build operations Thread 106"        [_thread_blocked, id=10728, stack(0x0000001a66000000,0x0000001a66100000) (1024K)]
  0x00000203d0e7f8e0 JavaThread "Unconstrained build operations Thread 107"        [_thread_blocked, id=23528, stack(0x0000001a66100000,0x0000001a66200000) (1024K)]
  0x00000203d0e7dea0 JavaThread "Unconstrained build operations Thread 108"        [_thread_blocked, id=23012, stack(0x0000001a66200000,0x0000001a66300000) (1024K)]
  0x00000203d0e80c90 JavaThread "Unconstrained build operations Thread 109"        [_thread_blocked, id=13636, stack(0x0000001a66300000,0x0000001a66400000) (1024K)]
  0x00000203d5961680 JavaThread "Unconstrained build operations Thread 110"        [_thread_blocked, id=16488, stack(0x0000001a5b500000,0x0000001a5b600000) (1024K)]
  0x00000203d5960ff0 JavaThread "Unconstrained build operations Thread 111"        [_thread_blocked, id=18356, stack(0x0000001a5b600000,0x0000001a5b700000) (1024K)]
  0x00000203d59602d0 JavaThread "Unconstrained build operations Thread 112"        [_thread_blocked, id=17940, stack(0x0000001a5b700000,0x0000001a5b800000) (1024K)]
  0x00000203d4252370 JavaThread "Unconstrained build operations Thread 113"        [_thread_blocked, id=28620, stack(0x0000001a66600000,0x0000001a66700000) (1024K)]
  0x00000203d2fa1c80 JavaThread "Unconstrained build operations Thread 114"        [_thread_blocked, id=14472, stack(0x0000001a66800000,0x0000001a66900000) (1024K)]
  0x00000203d2fa29a0 JavaThread "Unconstrained build operations Thread 115"        [_thread_blocked, id=28112, stack(0x0000001a66900000,0x0000001a66a00000) (1024K)]
  0x00000203d2fa3030 JavaThread "Unconstrained build operations Thread 116"        [_thread_blocked, id=16828, stack(0x0000001a66a00000,0x0000001a66b00000) (1024K)]
  0x00000203d2fa3d50 JavaThread "Unconstrained build operations Thread 117"        [_thread_blocked, id=3920, stack(0x0000001a66b00000,0x0000001a66c00000) (1024K)]
  0x00000203d2fa43e0 JavaThread "Unconstrained build operations Thread 118"        [_thread_blocked, id=8920, stack(0x0000001a66c00000,0x0000001a66d00000) (1024K)]
  0x00000203d2fa36c0 JavaThread "Unconstrained build operations Thread 119"        [_thread_blocked, id=8092, stack(0x0000001a66d00000,0x0000001a66e00000) (1024K)]
  0x00000203d2fa0f60 JavaThread "Unconstrained build operations Thread 120"        [_thread_blocked, id=8284, stack(0x0000001a66e00000,0x0000001a66f00000) (1024K)]
  0x00000203d3db13a0 JavaThread "C2 CompilerThread1"         daemon [_thread_blocked, id=1120, stack(0x0000001a66700000,0x0000001a66800000) (1024K)]
Total: 165

Other Threads:
=>0x00000203cb6dcaa0 VMThread "VM Thread"                           [id=15496, stack(0x0000001a5bf00000,0x0000001a5c000000) (1024K)]
  0x00000203cb539260 WatcherThread "VM Periodic Task Thread"        [id=20784, stack(0x0000001a5be00000,0x0000001a5bf00000) (1024K)]
  0x00000203b3a84790 WorkerThread "GC Thread#0"                     [id=15412, stack(0x0000001a5b900000,0x0000001a5ba00000) (1024K)]
  0x00000203d03d99a0 WorkerThread "GC Thread#1"                     [id=27900, stack(0x0000001a5cb00000,0x0000001a5cc00000) (1024K)]
  0x00000203d02974c0 WorkerThread "GC Thread#2"                     [id=18896, stack(0x0000001a5cc00000,0x0000001a5cd00000) (1024K)]
  0x00000203d1153bd0 WorkerThread "GC Thread#3"                     [id=21636, stack(0x0000001a5cd00000,0x0000001a5ce00000) (1024K)]
  0x00000203d1155000 WorkerThread "GC Thread#4"                     [id=21092, stack(0x0000001a5ce00000,0x0000001a5cf00000) (1024K)]
  0x00000203d20a6c50 WorkerThread "GC Thread#5"                     [id=17580, stack(0x0000001a5d500000,0x0000001a5d600000) (1024K)]
  0x00000203d20a6ff0 WorkerThread "GC Thread#6"                     [id=2172, stack(0x0000001a5d600000,0x0000001a5d700000) (1024K)]
  0x00000203d20a7e70 WorkerThread "GC Thread#7"                     [id=21652, stack(0x0000001a5d700000,0x0000001a5d800000) (1024K)]
  0x00000203d20a7ad0 WorkerThread "GC Thread#8"                     [id=14076, stack(0x0000001a5d800000,0x0000001a5d900000) (1024K)]
  0x00000203d20a7390 WorkerThread "GC Thread#9"                     [id=18276, stack(0x0000001a5d900000,0x0000001a5da00000) (1024K)]
  0x00000203b3a95680 ConcurrentGCThread "G1 Main Marker"            [id=14928, stack(0x0000001a5ba00000,0x0000001a5bb00000) (1024K)]
  0x00000203b3a97ee0 WorkerThread "G1 Conc#0"                       [id=26328, stack(0x0000001a5bb00000,0x0000001a5bc00000) (1024K)]
  0x00000203d20a6510 WorkerThread "G1 Conc#1"                       [id=4312, stack(0x0000001a5da00000,0x0000001a5db00000) (1024K)]
  0x00000203d20a68b0 WorkerThread "G1 Conc#2"                       [id=20024, stack(0x0000001a5db00000,0x0000001a5dc00000) (1024K)]
  0x00000203cb3f05d0 ConcurrentGCThread "G1 Refine#0"               [id=28584, stack(0x0000001a5bc00000,0x0000001a5bd00000) (1024K)]
  0x00000203cb3f0ef0 ConcurrentGCThread "G1 Service"                [id=28012, stack(0x0000001a5bd00000,0x0000001a5be00000) (1024K)]
Total: 18

Threads with active compile tasks:
C2 CompilerThread0  80667 18686   !   4       org.gradle.internal.classpath.transforms.BaseClasspathElementTransform::visitEntry (95 bytes)
C2 CompilerThread1  80667 18687       4       org.gradle.internal.classpath.transforms.BaseClasspathElementTransform$$Lambda/0x0000000100773740::visit (13 bytes)
Total: 2

VM state: at safepoint (normal execution)

VM Mutex/Monitor currently owned by a thread:  ([mutex/lock_event])
[0x00007ff9ede18690] Threads_lock - owner thread: 0x00000203cb6dcaa0
[0x00007ff9ede18790] Heap_lock - owner thread: 0x00000203d56b0a00

Heap address: 0x0000000080000000, size: 2048 MB, Compressed Oops mode: 32-bit

CDS archive(s) not mapped
Compressed class space mapped at: 0x0000000100000000-0x0000000140000000, reserved size: 1073741824
Narrow klass base: 0x0000000000000000, Narrow klass shift: 3, Narrow klass range: 0x140000000

GC Precious Log:
 CardTable entry size: 512
 Card Set container configuration: InlinePtr #cards 5 size 8 Array Of Cards #cards 12 size 40 Howl #buckets 4 coarsen threshold 1843 Howl Bitmap #cards 512 size 80 coarsen threshold 460 Card regions per heap region 1 cards per card region 2048
 CPUs: 12 total, 12 available
 Memory: 7913M
 Large Page Support: Disabled
 NUMA Support: Disabled
 Compressed Oops: Enabled (32-bit)
 Heap Region Size: 1M
 Heap Min Capacity: 8M
 Heap Initial Capacity: 124M
 Heap Max Capacity: 2G
 Pre-touch: Disabled
 Parallel Workers: 10
 Concurrent Workers: 3
 Concurrent Refinement Workers: 10
 Periodic GC: Disabled

Heap:
 garbage-first heap   total 451584K, used 168862K [0x0000000080000000, 0x0000000100000000)
  region size 1024K, 1 young (1024K), 1 survivors (1024K)
 Metaspace       used 97745K, committed 99520K, reserved 1179648K
  class space    used 13078K, committed 13952K, reserved 1048576K

Heap Regions: E=young(eden), S=young(survivor), O=old, HS=humongous(starts), HC=humongous(continues), CS=collection set, F=free, TAMS=top-at-mark-start, PB=parsable bottom
|   0|0x0000000080000000, 0x0000000080100000, 0x0000000080100000|100%|HS|  |TAMS 0x0000000080100000| PB 0x0000000080000000| Complete 
|   1|0x0000000080100000, 0x0000000080200000, 0x0000000080200000|100%|HC|  |TAMS 0x0000000080200000| PB 0x0000000080100000| Complete 
|   2|0x0000000080200000, 0x0000000080300000, 0x0000000080300000|100%|HC|  |TAMS 0x0000000080300000| PB 0x0000000080200000| Complete 
|   3|0x0000000080300000, 0x0000000080400000, 0x0000000080400000|100%| O|  |TAMS 0x0000000080400000| PB 0x0000000080300000| Untracked 
|   4|0x0000000080400000, 0x0000000080500000, 0x0000000080500000|100%| O|  |TAMS 0x0000000080500000| PB 0x0000000080400000| Untracked 
|   5|0x0000000080500000, 0x0000000080600000, 0x0000000080600000|100%| O|  |TAMS 0x0000000080600000| PB 0x0000000080500000| Untracked 
|   6|0x0000000080600000, 0x0000000080700000, 0x0000000080700000|100%|HS|  |TAMS 0x0000000080700000| PB 0x0000000080600000| Complete 
|   7|0x0000000080700000, 0x0000000080800000, 0x0000000080800000|100%| O|  |TAMS 0x0000000080800000| PB 0x0000000080700000| Untracked 
|   8|0x0000000080800000, 0x0000000080900000, 0x0000000080900000|100%| O|  |TAMS 0x0000000080900000| PB 0x0000000080800000| Untracked 
|   9|0x0000000080900000, 0x00000000809ffe90, 0x0000000080a00000| 99%| O|  |TAMS 0x00000000809ffe90| PB 0x0000000080900000| Untracked 
|  10|0x0000000080a00000, 0x0000000080b00000, 0x0000000080b00000|100%| O|  |TAMS 0x0000000080b00000| PB 0x0000000080a00000| Untracked 
|  11|0x0000000080b00000, 0x0000000080c00000, 0x0000000080c00000|100%| O|  |TAMS 0x0000000080c00000| PB 0x0000000080b00000| Untracked 
|  12|0x0000000080c00000, 0x0000000080d00000, 0x0000000080d00000|100%|HS|  |TAMS 0x0000000080d00000| PB 0x0000000080c00000| Complete 
|  13|0x0000000080d00000, 0x0000000080e00000, 0x0000000080e00000|100%|HC|  |TAMS 0x0000000080e00000| PB 0x0000000080d00000| Complete 
|  14|0x0000000080e00000, 0x0000000080f00000, 0x0000000080f00000|100%|HC|  |TAMS 0x0000000080f00000| PB 0x0000000080e00000| Complete 
|  15|0x0000000080f00000, 0x0000000081000000, 0x0000000081000000|100%|HC|  |TAMS 0x0000000081000000| PB 0x0000000080f00000| Complete 
|  16|0x0000000081000000, 0x0000000081100000, 0x0000000081100000|100%|HC|  |TAMS 0x0000000081100000| PB 0x0000000081000000| Complete 
|  17|0x0000000081100000, 0x0000000081200000, 0x0000000081200000|100%|HC|  |TAMS 0x0000000081200000| PB 0x0000000081100000| Complete 
|  18|0x0000000081200000, 0x0000000081300000, 0x0000000081300000|100%|HS|  |TAMS 0x0000000081300000| PB 0x0000000081200000| Complete 
|  19|0x0000000081300000, 0x0000000081400000, 0x0000000081400000|100%|HC|  |TAMS 0x0000000081400000| PB 0x0000000081300000| Complete 
|  20|0x0000000081400000, 0x0000000081500000, 0x0000000081500000|100%|HS|  |TAMS 0x0000000081500000| PB 0x0000000081400000| Complete 
|  21|0x0000000081500000, 0x0000000081600000, 0x0000000081600000|100%|HS|  |TAMS 0x0000000081600000| PB 0x0000000081500000| Complete 
|  22|0x0000000081600000, 0x0000000081700000, 0x0000000081700000|100%|HC|  |TAMS 0x0000000081700000| PB 0x0000000081600000| Complete 
|  23|0x0000000081700000, 0x0000000081800000, 0x0000000081800000|100%|HC|  |TAMS 0x0000000081800000| PB 0x0000000081700000| Complete 
|  24|0x0000000081800000, 0x0000000081900000, 0x0000000081900000|100%|HC|  |TAMS 0x0000000081900000| PB 0x0000000081800000| Complete 
|  25|0x0000000081900000, 0x0000000081a00000, 0x0000000081a00000|100%|HC|  |TAMS 0x0000000081a00000| PB 0x0000000081900000| Complete 
|  26|0x0000000081a00000, 0x0000000081b00000, 0x0000000081b00000|100%|HC|  |TAMS 0x0000000081b00000| PB 0x0000000081a00000| Complete 
|  27|0x0000000081b00000, 0x0000000081c00000, 0x0000000081c00000|100%|HS|  |TAMS 0x0000000081c00000| PB 0x0000000081b00000| Complete 
|  28|0x0000000081c00000, 0x0000000081d00000, 0x0000000081d00000|100%|HC|  |TAMS 0x0000000081d00000| PB 0x0000000081c00000| Complete 
|  29|0x0000000081d00000, 0x0000000081e00000, 0x0000000081e00000|100%|HS|  |TAMS 0x0000000081e00000| PB 0x0000000081d00000| Complete 
|  30|0x0000000081e00000, 0x0000000081f00000, 0x0000000081f00000|100%| O|  |TAMS 0x0000000081f00000| PB 0x0000000081e00000| Untracked 
|  31|0x0000000081f00000, 0x0000000082000000, 0x0000000082000000|100%| O|  |TAMS 0x0000000082000000| PB 0x0000000081f00000| Untracked 
|  32|0x0000000082000000, 0x0000000082100000, 0x0000000082100000|100%| O|  |TAMS 0x0000000082100000| PB 0x0000000082000000| Untracked 
|  33|0x0000000082100000, 0x0000000082200000, 0x0000000082200000|100%| O|  |TAMS 0x0000000082200000| PB 0x0000000082100000| Untracked 
|  34|0x0000000082200000, 0x0000000082300000, 0x0000000082300000|100%| O|  |TAMS 0x0000000082300000| PB 0x0000000082200000| Untracked 
|  35|0x0000000082300000, 0x0000000082400000, 0x0000000082400000|100%| O|  |TAMS 0x0000000082400000| PB 0x0000000082300000| Untracked 
|  36|0x0000000082400000, 0x0000000082500000, 0x0000000082500000|100%| O|  |TAMS 0x0000000082500000| PB 0x0000000082400000| Untracked 
|  37|0x0000000082500000, 0x0000000082600000, 0x0000000082600000|100%| O|  |TAMS 0x0000000082600000| PB 0x0000000082500000| Untracked 
|  38|0x0000000082600000, 0x0000000082700000, 0x0000000082700000|100%| O|  |TAMS 0x0000000082700000| PB 0x0000000082600000| Untracked 
|  39|0x0000000082700000, 0x0000000082800000, 0x0000000082800000|100%| O|  |TAMS 0x0000000082800000| PB 0x0000000082700000| Untracked 
|  40|0x0000000082800000, 0x0000000082900000, 0x0000000082900000|100%| O|  |TAMS 0x0000000082900000| PB 0x0000000082800000| Untracked 
|  41|0x0000000082900000, 0x0000000082a00000, 0x0000000082a00000|100%| O|  |TAMS 0x0000000082a00000| PB 0x0000000082900000| Untracked 
|  42|0x0000000082a00000, 0x0000000082b00000, 0x0000000082b00000|100%| O|  |TAMS 0x0000000082b00000| PB 0x0000000082a00000| Untracked 
|  43|0x0000000082b00000, 0x0000000082c00000, 0x0000000082c00000|100%| O|  |TAMS 0x0000000082c00000| PB 0x0000000082b00000| Untracked 
|  44|0x0000000082c00000, 0x0000000082d00000, 0x0000000082d00000|100%| O|  |TAMS 0x0000000082d00000| PB 0x0000000082c00000| Untracked 
|  45|0x0000000082d00000, 0x0000000082e00000, 0x0000000082e00000|100%| O|  |TAMS 0x0000000082e00000| PB 0x0000000082d00000| Untracked 
|  46|0x0000000082e00000, 0x0000000082f00000, 0x0000000082f00000|100%| O|  |TAMS 0x0000000082f00000| PB 0x0000000082e00000| Untracked 
|  47|0x0000000082f00000, 0x0000000083000000, 0x0000000083000000|100%| O|  |TAMS 0x0000000083000000| PB 0x0000000082f00000| Untracked 
|  48|0x0000000083000000, 0x0000000083100000, 0x0000000083100000|100%| O|  |TAMS 0x0000000083100000| PB 0x0000000083000000| Untracked 
|  49|0x0000000083100000, 0x0000000083200000, 0x0000000083200000|100%| O|  |TAMS 0x0000000083200000| PB 0x0000000083100000| Untracked 
|  50|0x0000000083200000, 0x0000000083300000, 0x0000000083300000|100%| O|  |TAMS 0x0000000083300000| PB 0x0000000083200000| Untracked 
|  51|0x0000000083300000, 0x0000000083400000, 0x0000000083400000|100%| O|  |TAMS 0x0000000083400000| PB 0x0000000083300000| Untracked 
|  52|0x0000000083400000, 0x0000000083500000, 0x0000000083500000|100%| O|  |TAMS 0x0000000083500000| PB 0x0000000083400000| Untracked 
|  53|0x0000000083500000, 0x0000000083600000, 0x0000000083600000|100%| O|  |TAMS 0x0000000083600000| PB 0x0000000083500000| Untracked 
|  54|0x0000000083600000, 0x0000000083700000, 0x0000000083700000|100%| O|  |TAMS 0x0000000083700000| PB 0x0000000083600000| Untracked 
|  55|0x0000000083700000, 0x0000000083800000, 0x0000000083800000|100%| O|  |TAMS 0x0000000083800000| PB 0x0000000083700000| Untracked 
|  56|0x0000000083800000, 0x0000000083900000, 0x0000000083900000|100%| O|  |TAMS 0x0000000083900000| PB 0x0000000083800000| Untracked 
|  57|0x0000000083900000, 0x0000000083a00000, 0x0000000083a00000|100%| O|  |TAMS 0x0000000083a00000| PB 0x0000000083900000| Untracked 
|  58|0x0000000083a00000, 0x0000000083b00000, 0x0000000083b00000|100%| O|  |TAMS 0x0000000083b00000| PB 0x0000000083a00000| Untracked 
|  59|0x0000000083b00000, 0x0000000083c00000, 0x0000000083c00000|100%| O|  |TAMS 0x0000000083c00000| PB 0x0000000083b00000| Untracked 
|  60|0x0000000083c00000, 0x0000000083d00000, 0x0000000083d00000|100%| O|  |TAMS 0x0000000083d00000| PB 0x0000000083c00000| Untracked 
|  61|0x0000000083d00000, 0x0000000083e00000, 0x0000000083e00000|100%| O|  |TAMS 0x0000000083e00000| PB 0x0000000083d00000| Untracked 
|  62|0x0000000083e00000, 0x0000000083f00000, 0x0000000083f00000|100%| O|  |TAMS 0x0000000083f00000| PB 0x0000000083e00000| Untracked 
|  63|0x0000000083f00000, 0x0000000084000000, 0x0000000084000000|100%| O|  |TAMS 0x0000000084000000| PB 0x0000000083f00000| Untracked 
|  64|0x0000000084000000, 0x0000000084100000, 0x0000000084100000|100%|HS|  |TAMS 0x0000000084100000| PB 0x0000000084000000| Complete 
|  65|0x0000000084100000, 0x0000000084200000, 0x0000000084200000|100%|HC|  |TAMS 0x0000000084200000| PB 0x0000000084100000| Complete 
|  66|0x0000000084200000, 0x0000000084300000, 0x0000000084300000|100%| O|  |TAMS 0x0000000084300000| PB 0x0000000084200000| Untracked 
|  67|0x0000000084300000, 0x0000000084400000, 0x0000000084400000|100%| O|  |TAMS 0x0000000084400000| PB 0x0000000084300000| Untracked 
|  68|0x0000000084400000, 0x0000000084500000, 0x0000000084500000|100%| O|  |TAMS 0x0000000084500000| PB 0x0000000084400000| Untracked 
|  69|0x0000000084500000, 0x0000000084600000, 0x0000000084600000|100%| O|  |TAMS 0x0000000084600000| PB 0x0000000084500000| Untracked 
|  70|0x0000000084600000, 0x0000000084700000, 0x0000000084700000|100%| O|  |TAMS 0x0000000084700000| PB 0x0000000084600000| Untracked 
|  71|0x0000000084700000, 0x0000000084800000, 0x0000000084800000|100%| O|  |TAMS 0x0000000084800000| PB 0x0000000084700000| Untracked 
|  72|0x0000000084800000, 0x0000000084900000, 0x0000000084900000|100%| O|  |TAMS 0x0000000084900000| PB 0x0000000084800000| Untracked 
|  73|0x0000000084900000, 0x0000000084a00000, 0x0000000084a00000|100%| O|  |TAMS 0x0000000084a00000| PB 0x0000000084900000| Untracked 
|  74|0x0000000084a00000, 0x0000000084b00000, 0x0000000084b00000|100%| O|  |TAMS 0x0000000084b00000| PB 0x0000000084a00000| Untracked 
|  75|0x0000000084b00000, 0x0000000084c00000, 0x0000000084c00000|100%| O|  |TAMS 0x0000000084c00000| PB 0x0000000084b00000| Untracked 
|  76|0x0000000084c00000, 0x0000000084d00000, 0x0000000084d00000|100%| O|  |TAMS 0x0000000084d00000| PB 0x0000000084c00000| Untracked 
|  77|0x0000000084d00000, 0x0000000084e00000, 0x0000000084e00000|100%| O|  |TAMS 0x0000000084e00000| PB 0x0000000084d00000| Untracked 
|  78|0x0000000084e00000, 0x0000000084f00000, 0x0000000084f00000|100%| O|  |TAMS 0x0000000084f00000| PB 0x0000000084e00000| Untracked 
|  79|0x0000000084f00000, 0x0000000085000000, 0x0000000085000000|100%| O|  |TAMS 0x0000000085000000| PB 0x0000000084f00000| Untracked 
|  80|0x0000000085000000, 0x0000000085100000, 0x0000000085100000|100%| O|  |TAMS 0x0000000085100000| PB 0x0000000085000000| Untracked 
|  81|0x0000000085100000, 0x0000000085200000, 0x0000000085200000|100%| O|  |TAMS 0x0000000085200000| PB 0x0000000085100000| Untracked 
|  82|0x0000000085200000, 0x0000000085300000, 0x0000000085300000|100%| O|  |TAMS 0x0000000085300000| PB 0x0000000085200000| Untracked 
|  83|0x0000000085300000, 0x0000000085400000, 0x0000000085400000|100%| O|  |TAMS 0x0000000085400000| PB 0x0000000085300000| Untracked 
|  84|0x0000000085400000, 0x0000000085500000, 0x0000000085500000|100%| O|  |TAMS 0x0000000085500000| PB 0x0000000085400000| Untracked 
|  85|0x0000000085500000, 0x0000000085600000, 0x0000000085600000|100%| O|  |TAMS 0x0000000085600000| PB 0x0000000085500000| Untracked 
|  86|0x0000000085600000, 0x0000000085700000, 0x0000000085700000|100%| O|  |TAMS 0x0000000085700000| PB 0x0000000085600000| Untracked 
|  87|0x0000000085700000, 0x0000000085800000, 0x0000000085800000|100%| O|  |TAMS 0x0000000085800000| PB 0x0000000085700000| Untracked 
|  88|0x0000000085800000, 0x0000000085900000, 0x0000000085900000|100%| O|  |TAMS 0x0000000085900000| PB 0x0000000085800000| Untracked 
|  89|0x0000000085900000, 0x0000000085a00000, 0x0000000085a00000|100%| O|  |TAMS 0x0000000085a00000| PB 0x0000000085900000| Untracked 
|  90|0x0000000085a00000, 0x0000000085b00000, 0x0000000085b00000|100%| O|  |TAMS 0x0000000085b00000| PB 0x0000000085a00000| Untracked 
|  91|0x0000000085b00000, 0x0000000085c00000, 0x0000000085c00000|100%| O|  |TAMS 0x0000000085c00000| PB 0x0000000085b00000| Untracked 
|  92|0x0000000085c00000, 0x0000000085d00000, 0x0000000085d00000|100%| O|  |TAMS 0x0000000085d00000| PB 0x0000000085c00000| Untracked 
|  93|0x0000000085d00000, 0x0000000085e00000, 0x0000000085e00000|100%| O|  |TAMS 0x0000000085e00000| PB 0x0000000085d00000| Untracked 
|  94|0x0000000085e00000, 0x0000000085f00000, 0x0000000085f00000|100%| O|  |TAMS 0x0000000085e02688| PB 0x0000000085e00000| Untracked 
|  95|0x0000000085f00000, 0x0000000086000000, 0x0000000086000000|100%| O|  |TAMS 0x0000000086000000| PB 0x0000000085f00000| Untracked 
|  96|0x0000000086000000, 0x0000000086100000, 0x0000000086100000|100%| O|  |TAMS 0x0000000086100000| PB 0x0000000086000000| Untracked 
|  97|0x0000000086100000, 0x0000000086200000, 0x0000000086200000|100%| O|  |TAMS 0x0000000086200000| PB 0x0000000086100000| Untracked 
|  98|0x0000000086200000, 0x0000000086300000, 0x0000000086300000|100%| O|  |TAMS 0x0000000086300000| PB 0x0000000086200000| Untracked 
|  99|0x0000000086300000, 0x0000000086400000, 0x0000000086400000|100%|HS|  |TAMS 0x0000000086400000| PB 0x0000000086300000| Complete 
| 100|0x0000000086400000, 0x0000000086500000, 0x0000000086500000|100%|HS|  |TAMS 0x0000000086500000| PB 0x0000000086400000| Complete 
| 101|0x0000000086500000, 0x0000000086600000, 0x0000000086600000|100%|HS|  |TAMS 0x0000000086600000| PB 0x0000000086500000| Complete 
| 102|0x0000000086600000, 0x0000000086700000, 0x0000000086700000|100%| O|  |TAMS 0x0000000086700000| PB 0x0000000086600000| Untracked 
| 103|0x0000000086700000, 0x0000000086800000, 0x0000000086800000|100%| O|  |TAMS 0x0000000086800000| PB 0x0000000086700000| Untracked 
| 104|0x0000000086800000, 0x0000000086900000, 0x0000000086900000|100%| O|  |TAMS 0x0000000086800000| PB 0x0000000086800000| Untracked 
| 105|0x0000000086900000, 0x0000000086a00000, 0x0000000086a00000|100%| O|  |TAMS 0x0000000086a00000| PB 0x0000000086900000| Untracked 
| 106|0x0000000086a00000, 0x0000000086b00000, 0x0000000086b00000|100%| O|  |TAMS 0x0000000086b00000| PB 0x0000000086a00000| Untracked 
| 107|0x0000000086b00000, 0x0000000086c00000, 0x0000000086c00000|100%| O|  |TAMS 0x0000000086c00000| PB 0x0000000086b00000| Untracked 
| 108|0x0000000086c00000, 0x0000000086d00000, 0x0000000086d00000|100%| O|  |TAMS 0x0000000086d00000| PB 0x0000000086c00000| Untracked 
| 109|0x0000000086d00000, 0x0000000086e00000, 0x0000000086e00000|100%| O|  |TAMS 0x0000000086e00000| PB 0x0000000086d00000| Untracked 
| 110|0x0000000086e00000, 0x0000000086f00000, 0x0000000086f00000|100%| O|  |TAMS 0x0000000086f00000| PB 0x0000000086e00000| Untracked 
| 111|0x0000000086f00000, 0x0000000087000000, 0x0000000087000000|100%| O|  |TAMS 0x0000000087000000| PB 0x0000000086f00000| Untracked 
| 112|0x0000000087000000, 0x0000000087100000, 0x0000000087100000|100%| O|  |TAMS 0x0000000087000000| PB 0x0000000087000000| Untracked 
| 113|0x0000000087100000, 0x0000000087200000, 0x0000000087200000|100%| O|  |TAMS 0x0000000087100000| PB 0x0000000087100000| Untracked 
| 114|0x0000000087200000, 0x0000000087300000, 0x0000000087300000|100%| O|  |TAMS 0x0000000087200000| PB 0x0000000087200000| Untracked 
| 115|0x0000000087300000, 0x0000000087400000, 0x0000000087400000|100%| O|  |TAMS 0x0000000087300000| PB 0x0000000087300000| Untracked 
| 116|0x0000000087400000, 0x0000000087500000, 0x0000000087500000|100%| O|  |TAMS 0x0000000087400000| PB 0x0000000087400000| Untracked 
| 117|0x0000000087500000, 0x0000000087600000, 0x0000000087600000|100%| O|  |TAMS 0x0000000087500000| PB 0x0000000087500000| Untracked 
| 118|0x0000000087600000, 0x0000000087700000, 0x0000000087700000|100%|HS|  |TAMS 0x0000000087600000| PB 0x0000000087600000| Complete 
| 119|0x0000000087700000, 0x0000000087800000, 0x0000000087800000|100%| O|  |TAMS 0x0000000087700000| PB 0x0000000087700000| Untracked 
| 120|0x0000000087800000, 0x0000000087900000, 0x0000000087900000|100%| O|  |TAMS 0x0000000087800000| PB 0x0000000087800000| Untracked 
| 121|0x0000000087900000, 0x0000000087a00000, 0x0000000087a00000|100%| O|  |TAMS 0x0000000087900000| PB 0x0000000087900000| Untracked 
| 122|0x0000000087a00000, 0x0000000087b00000, 0x0000000087b00000|100%| O|  |TAMS 0x0000000087a00000| PB 0x0000000087a00000| Untracked 
| 123|0x0000000087b00000, 0x0000000087b00000, 0x0000000087c00000|  0%| F|  |TAMS 0x0000000087b00000| PB 0x0000000087b00000| Untracked 
| 124|0x0000000087c00000, 0x0000000087d00000, 0x0000000087d00000|100%| O|  |TAMS 0x0000000087c00000| PB 0x0000000087c00000| Untracked 
| 125|0x0000000087d00000, 0x0000000087e00000, 0x0000000087e00000|100%| O|  |TAMS 0x0000000087e00000| PB 0x0000000087d00000| Untracked 
| 126|0x0000000087e00000, 0x0000000087f00000, 0x0000000087f00000|100%| O|  |TAMS 0x0000000087f00000| PB 0x0000000087e00000| Untracked 
| 127|0x0000000087f00000, 0x0000000088000000, 0x0000000088000000|100%| O|  |TAMS 0x0000000088000000| PB 0x0000000087f00000| Untracked 
| 128|0x0000000088000000, 0x0000000088100000, 0x0000000088100000|100%| O|  |TAMS 0x0000000088100000| PB 0x0000000088000000| Untracked 
| 129|0x0000000088100000, 0x0000000088200000, 0x0000000088200000|100%| O|  |TAMS 0x0000000088200000| PB 0x0000000088100000| Untracked 
| 130|0x0000000088200000, 0x0000000088300000, 0x0000000088300000|100%| O|  |TAMS 0x0000000088300000| PB 0x0000000088200000| Untracked 
| 131|0x0000000088300000, 0x0000000088400000, 0x0000000088400000|100%| O|  |TAMS 0x0000000088400000| PB 0x0000000088300000| Untracked 
| 132|0x0000000088400000, 0x0000000088500000, 0x0000000088500000|100%| O|  |TAMS 0x0000000088500000| PB 0x0000000088400000| Untracked 
| 133|0x0000000088500000, 0x0000000088600000, 0x0000000088600000|100%| O|  |TAMS 0x0000000088600000| PB 0x0000000088500000| Untracked 
| 134|0x0000000088600000, 0x0000000088700000, 0x0000000088700000|100%| O|  |TAMS 0x0000000088700000| PB 0x0000000088600000| Untracked 
| 135|0x0000000088700000, 0x0000000088800000, 0x0000000088800000|100%| O|  |TAMS 0x0000000088800000| PB 0x0000000088700000| Untracked 
| 136|0x0000000088800000, 0x0000000088900000, 0x0000000088900000|100%| O|  |TAMS 0x0000000088900000| PB 0x0000000088800000| Untracked 
| 137|0x0000000088900000, 0x0000000088a00000, 0x0000000088a00000|100%| O|  |TAMS 0x0000000088a00000| PB 0x0000000088900000| Untracked 
| 138|0x0000000088a00000, 0x0000000088b00000, 0x0000000088b00000|100%| O|  |TAMS 0x0000000088b00000| PB 0x0000000088a00000| Untracked 
| 139|0x0000000088b00000, 0x0000000088c00000, 0x0000000088c00000|100%| O|  |TAMS 0x0000000088c00000| PB 0x0000000088b00000| Untracked 
| 140|0x0000000088c00000, 0x0000000088d00000, 0x0000000088d00000|100%| O|  |TAMS 0x0000000088d00000| PB 0x0000000088c00000| Untracked 
| 141|0x0000000088d00000, 0x0000000088d8ade0, 0x0000000088e00000| 54%| O|  |TAMS 0x0000000088d00000| PB 0x0000000088d00000| Untracked 
| 142|0x0000000088e00000, 0x0000000088e00000, 0x0000000088f00000|  0%| F|  |TAMS 0x0000000088e00000| PB 0x0000000088e00000| Untracked 
| 143|0x0000000088f00000, 0x0000000088f00000, 0x0000000089000000|  0%| F|  |TAMS 0x0000000088f00000| PB 0x0000000088f00000| Untracked 
| 144|0x0000000089000000, 0x0000000089000000, 0x0000000089100000|  0%| F|  |TAMS 0x0000000089000000| PB 0x0000000089000000| Untracked 
| 145|0x0000000089100000, 0x0000000089100000, 0x0000000089200000|  0%| F|  |TAMS 0x0000000089100000| PB 0x0000000089100000| Untracked 
| 146|0x0000000089200000, 0x0000000089200000, 0x0000000089300000|  0%| F|  |TAMS 0x0000000089200000| PB 0x0000000089200000| Untracked 
| 147|0x0000000089300000, 0x0000000089300000, 0x0000000089400000|  0%| F|  |TAMS 0x0000000089300000| PB 0x0000000089300000| Untracked 
| 148|0x0000000089400000, 0x0000000089400000, 0x0000000089500000|  0%| F|  |TAMS 0x0000000089400000| PB 0x0000000089400000| Untracked 
| 149|0x0000000089500000, 0x0000000089500000, 0x0000000089600000|  0%| F|  |TAMS 0x0000000089500000| PB 0x0000000089500000| Untracked 
| 150|0x0000000089600000, 0x0000000089700000, 0x0000000089700000|100%| O|  |TAMS 0x0000000089700000| PB 0x0000000089600000| Untracked 
| 151|0x0000000089700000, 0x0000000089800000, 0x0000000089800000|100%| O|  |TAMS 0x0000000089800000| PB 0x0000000089700000| Untracked 
| 152|0x0000000089800000, 0x0000000089900000, 0x0000000089900000|100%| O|  |TAMS 0x0000000089900000| PB 0x0000000089800000| Untracked 
| 153|0x0000000089900000, 0x0000000089a00000, 0x0000000089a00000|100%| O|  |TAMS 0x0000000089a00000| PB 0x0000000089900000| Untracked 
| 154|0x0000000089a00000, 0x0000000089b00000, 0x0000000089b00000|100%| O|  |TAMS 0x0000000089b00000| PB 0x0000000089a00000| Untracked 
| 155|0x0000000089b00000, 0x0000000089c00000, 0x0000000089c00000|100%| O|  |TAMS 0x0000000089c00000| PB 0x0000000089b00000| Untracked 
| 156|0x0000000089c00000, 0x0000000089d00000, 0x0000000089d00000|100%| O|  |TAMS 0x0000000089d00000| PB 0x0000000089c00000| Untracked 
| 157|0x0000000089d00000, 0x0000000089d00000, 0x0000000089e00000|  0%| F|  |TAMS 0x0000000089d00000| PB 0x0000000089d00000| Untracked 
| 158|0x0000000089e00000, 0x0000000089e00000, 0x0000000089f00000|  0%| F|  |TAMS 0x0000000089e00000| PB 0x0000000089e00000| Untracked 
| 159|0x0000000089f00000, 0x0000000089f00000, 0x000000008a000000|  0%| F|  |TAMS 0x0000000089f00000| PB 0x0000000089f00000| Untracked 
| 160|0x000000008a000000, 0x000000008a000000, 0x000000008a100000|  0%| F|  |TAMS 0x000000008a000000| PB 0x000000008a000000| Untracked 
| 161|0x000000008a100000, 0x000000008a100000, 0x000000008a200000|  0%| F|  |TAMS 0x000000008a100000| PB 0x000000008a100000| Untracked 
| 162|0x000000008a200000, 0x000000008a200000, 0x000000008a300000|  0%| F|  |TAMS 0x000000008a200000| PB 0x000000008a200000| Untracked 
| 163|0x000000008a300000, 0x000000008a300000, 0x000000008a400000|  0%| F|  |TAMS 0x000000008a300000| PB 0x000000008a300000| Untracked 
| 164|0x000000008a400000, 0x000000008a400000, 0x000000008a500000|  0%| F|  |TAMS 0x000000008a400000| PB 0x000000008a400000| Untracked 
| 165|0x000000008a500000, 0x000000008a500000, 0x000000008a600000|  0%| F|  |TAMS 0x000000008a500000| PB 0x000000008a500000| Untracked 
| 166|0x000000008a600000, 0x000000008a600000, 0x000000008a700000|  0%| F|  |TAMS 0x000000008a600000| PB 0x000000008a600000| Untracked 
| 167|0x000000008a700000, 0x000000008a700000, 0x000000008a800000|  0%| F|  |TAMS 0x000000008a700000| PB 0x000000008a700000| Untracked 
| 168|0x000000008a800000, 0x000000008a800000, 0x000000008a900000|  0%| F|  |TAMS 0x000000008a800000| PB 0x000000008a800000| Untracked 
| 169|0x000000008a900000, 0x000000008a900000, 0x000000008aa00000|  0%| F|  |TAMS 0x000000008a900000| PB 0x000000008a900000| Untracked 
| 170|0x000000008aa00000, 0x000000008aa00000, 0x000000008ab00000|  0%| F|  |TAMS 0x000000008aa00000| PB 0x000000008aa00000| Untracked 
| 171|0x000000008ab00000, 0x000000008ab00000, 0x000000008ac00000|  0%| F|  |TAMS 0x000000008ab00000| PB 0x000000008ab00000| Untracked 
| 172|0x000000008ac00000, 0x000000008ac00000, 0x000000008ad00000|  0%| F|  |TAMS 0x000000008ac00000| PB 0x000000008ac00000| Untracked 
| 173|0x000000008ad00000, 0x000000008ad00000, 0x000000008ae00000|  0%| F|  |TAMS 0x000000008ad00000| PB 0x000000008ad00000| Untracked 
| 174|0x000000008ae00000, 0x000000008ae00000, 0x000000008af00000|  0%| F|  |TAMS 0x000000008ae00000| PB 0x000000008ae00000| Untracked 
| 175|0x000000008af00000, 0x000000008af00000, 0x000000008b000000|  0%| F|  |TAMS 0x000000008af00000| PB 0x000000008af00000| Untracked 
| 176|0x000000008b000000, 0x000000008b000000, 0x000000008b100000|  0%| F|  |TAMS 0x000000008b000000| PB 0x000000008b000000| Untracked 
| 177|0x000000008b100000, 0x000000008b100000, 0x000000008b200000|  0%| F|  |TAMS 0x000000008b100000| PB 0x000000008b100000| Untracked 
| 178|0x000000008b200000, 0x000000008b200000, 0x000000008b300000|  0%| F|  |TAMS 0x000000008b200000| PB 0x000000008b200000| Untracked 
| 179|0x000000008b300000, 0x000000008b300000, 0x000000008b400000|  0%| F|  |TAMS 0x000000008b300000| PB 0x000000008b300000| Untracked 
| 180|0x000000008b400000, 0x000000008b400000, 0x000000008b500000|  0%| F|  |TAMS 0x000000008b400000| PB 0x000000008b400000| Untracked 
| 181|0x000000008b500000, 0x000000008b500000, 0x000000008b600000|  0%| F|  |TAMS 0x000000008b500000| PB 0x000000008b500000| Untracked 
| 182|0x000000008b600000, 0x000000008b600000, 0x000000008b700000|  0%| F|  |TAMS 0x000000008b600000| PB 0x000000008b600000| Untracked 
| 183|0x000000008b700000, 0x000000008b700000, 0x000000008b800000|  0%| F|  |TAMS 0x000000008b700000| PB 0x000000008b700000| Untracked 
| 184|0x000000008b800000, 0x000000008b800000, 0x000000008b900000|  0%| F|  |TAMS 0x000000008b800000| PB 0x000000008b800000| Untracked 
| 185|0x000000008b900000, 0x000000008b900000, 0x000000008ba00000|  0%| F|  |TAMS 0x000000008b900000| PB 0x000000008b900000| Untracked 
| 186|0x000000008ba00000, 0x000000008ba00000, 0x000000008bb00000|  0%| F|  |TAMS 0x000000008ba00000| PB 0x000000008ba00000| Untracked 
| 187|0x000000008bb00000, 0x000000008bb00000, 0x000000008bc00000|  0%| F|  |TAMS 0x000000008bb00000| PB 0x000000008bb00000| Untracked 
| 188|0x000000008bc00000, 0x000000008bc00000, 0x000000008bd00000|  0%| F|  |TAMS 0x000000008bc00000| PB 0x000000008bc00000| Untracked 
| 189|0x000000008bd00000, 0x000000008bd00000, 0x000000008be00000|  0%| F|  |TAMS 0x000000008bd00000| PB 0x000000008bd00000| Untracked 
| 190|0x000000008be00000, 0x000000008be00000, 0x000000008bf00000|  0%| F|  |TAMS 0x000000008be00000| PB 0x000000008be00000| Untracked 
| 191|0x000000008bf00000, 0x000000008bf00000, 0x000000008c000000|  0%| F|  |TAMS 0x000000008bf00000| PB 0x000000008bf00000| Untracked 
| 192|0x000000008c000000, 0x000000008c000000, 0x000000008c100000|  0%| F|  |TAMS 0x000000008c000000| PB 0x000000008c000000| Untracked 
| 193|0x000000008c100000, 0x000000008c100000, 0x000000008c200000|  0%| F|  |TAMS 0x000000008c100000| PB 0x000000008c100000| Untracked 
| 194|0x000000008c200000, 0x000000008c200000, 0x000000008c300000|  0%| F|  |TAMS 0x000000008c200000| PB 0x000000008c200000| Untracked 
| 195|0x000000008c300000, 0x000000008c300000, 0x000000008c400000|  0%| F|  |TAMS 0x000000008c300000| PB 0x000000008c300000| Untracked 
| 196|0x000000008c400000, 0x000000008c400000, 0x000000008c500000|  0%| F|  |TAMS 0x000000008c400000| PB 0x000000008c400000| Untracked 
| 197|0x000000008c500000, 0x000000008c500000, 0x000000008c600000|  0%| F|  |TAMS 0x000000008c500000| PB 0x000000008c500000| Untracked 
| 198|0x000000008c600000, 0x000000008c600000, 0x000000008c700000|  0%| F|  |TAMS 0x000000008c600000| PB 0x000000008c600000| Untracked 
| 199|0x000000008c700000, 0x000000008c700000, 0x000000008c800000|  0%| F|  |TAMS 0x000000008c700000| PB 0x000000008c700000| Untracked 
| 200|0x000000008c800000, 0x000000008c800000, 0x000000008c900000|  0%| F|  |TAMS 0x000000008c800000| PB 0x000000008c800000| Untracked 
| 201|0x000000008c900000, 0x000000008c900000, 0x000000008ca00000|  0%| F|  |TAMS 0x000000008c900000| PB 0x000000008c900000| Untracked 
| 202|0x000000008ca00000, 0x000000008ca00000, 0x000000008cb00000|  0%| F|  |TAMS 0x000000008ca00000| PB 0x000000008ca00000| Untracked 
| 203|0x000000008cb00000, 0x000000008cb00000, 0x000000008cc00000|  0%| F|  |TAMS 0x000000008cb00000| PB 0x000000008cb00000| Untracked 
| 204|0x000000008cc00000, 0x000000008cc00000, 0x000000008cd00000|  0%| F|  |TAMS 0x000000008cc00000| PB 0x000000008cc00000| Untracked 
| 205|0x000000008cd00000, 0x000000008cd00000, 0x000000008ce00000|  0%| F|  |TAMS 0x000000008cd00000| PB 0x000000008cd00000| Untracked 
| 206|0x000000008ce00000, 0x000000008ce00000, 0x000000008cf00000|  0%| F|  |TAMS 0x000000008ce00000| PB 0x000000008ce00000| Untracked 
| 207|0x000000008cf00000, 0x000000008cf00000, 0x000000008d000000|  0%| F|  |TAMS 0x000000008cf00000| PB 0x000000008cf00000| Untracked 
| 208|0x000000008d000000, 0x000000008d000000, 0x000000008d100000|  0%| F|  |TAMS 0x000000008d000000| PB 0x000000008d000000| Untracked 
| 209|0x000000008d100000, 0x000000008d100000, 0x000000008d200000|  0%| F|  |TAMS 0x000000008d100000| PB 0x000000008d100000| Untracked 
| 210|0x000000008d200000, 0x000000008d200000, 0x000000008d300000|  0%| F|  |TAMS 0x000000008d200000| PB 0x000000008d200000| Untracked 
| 211|0x000000008d300000, 0x000000008d300000, 0x000000008d400000|  0%| F|  |TAMS 0x000000008d300000| PB 0x000000008d300000| Untracked 
| 212|0x000000008d400000, 0x000000008d400000, 0x000000008d500000|  0%| F|  |TAMS 0x000000008d400000| PB 0x000000008d400000| Untracked 
| 213|0x000000008d500000, 0x000000008d500000, 0x000000008d600000|  0%| F|  |TAMS 0x000000008d500000| PB 0x000000008d500000| Untracked 
| 214|0x000000008d600000, 0x000000008d600000, 0x000000008d700000|  0%| F|  |TAMS 0x000000008d600000| PB 0x000000008d600000| Untracked 
| 215|0x000000008d700000, 0x000000008d700000, 0x000000008d800000|  0%| F|  |TAMS 0x000000008d700000| PB 0x000000008d700000| Untracked 
| 216|0x000000008d800000, 0x000000008d800000, 0x000000008d900000|  0%| F|  |TAMS 0x000000008d800000| PB 0x000000008d800000| Untracked 
| 217|0x000000008d900000, 0x000000008d900000, 0x000000008da00000|  0%| F|  |TAMS 0x000000008d900000| PB 0x000000008d900000| Untracked 
| 218|0x000000008da00000, 0x000000008da00000, 0x000000008db00000|  0%| F|  |TAMS 0x000000008da00000| PB 0x000000008da00000| Untracked 
| 219|0x000000008db00000, 0x000000008db00000, 0x000000008dc00000|  0%| F|  |TAMS 0x000000008db00000| PB 0x000000008db00000| Untracked 
| 220|0x000000008dc00000, 0x000000008dc00000, 0x000000008dd00000|  0%| F|  |TAMS 0x000000008dc00000| PB 0x000000008dc00000| Untracked 
| 221|0x000000008dd00000, 0x000000008dd00000, 0x000000008de00000|  0%| F|  |TAMS 0x000000008dd00000| PB 0x000000008dd00000| Untracked 
| 222|0x000000008de00000, 0x000000008de00000, 0x000000008df00000|  0%| F|  |TAMS 0x000000008de00000| PB 0x000000008de00000| Untracked 
| 223|0x000000008df00000, 0x000000008df00000, 0x000000008e000000|  0%| F|  |TAMS 0x000000008df00000| PB 0x000000008df00000| Untracked 
| 224|0x000000008e000000, 0x000000008e000000, 0x000000008e100000|  0%| F|  |TAMS 0x000000008e000000| PB 0x000000008e000000| Untracked 
| 225|0x000000008e100000, 0x000000008e100000, 0x000000008e200000|  0%| F|  |TAMS 0x000000008e100000| PB 0x000000008e100000| Untracked 
| 226|0x000000008e200000, 0x000000008e200000, 0x000000008e300000|  0%| F|  |TAMS 0x000000008e200000| PB 0x000000008e200000| Untracked 
| 227|0x000000008e300000, 0x000000008e300000, 0x000000008e400000|  0%| F|  |TAMS 0x000000008e300000| PB 0x000000008e300000| Untracked 
| 228|0x000000008e400000, 0x000000008e400000, 0x000000008e500000|  0%| F|  |TAMS 0x000000008e400000| PB 0x000000008e400000| Untracked 
| 229|0x000000008e500000, 0x000000008e500000, 0x000000008e600000|  0%| F|  |TAMS 0x000000008e500000| PB 0x000000008e500000| Untracked 
| 230|0x000000008e600000, 0x000000008e600000, 0x000000008e700000|  0%| F|  |TAMS 0x000000008e600000| PB 0x000000008e600000| Untracked 
| 231|0x000000008e700000, 0x000000008e700000, 0x000000008e800000|  0%| F|  |TAMS 0x000000008e700000| PB 0x000000008e700000| Untracked 
| 232|0x000000008e800000, 0x000000008e800000, 0x000000008e900000|  0%| F|  |TAMS 0x000000008e800000| PB 0x000000008e800000| Untracked 
| 233|0x000000008e900000, 0x000000008e900000, 0x000000008ea00000|  0%| F|  |TAMS 0x000000008e900000| PB 0x000000008e900000| Untracked 
| 234|0x000000008ea00000, 0x000000008ea00000, 0x000000008eb00000|  0%| F|  |TAMS 0x000000008ea00000| PB 0x000000008ea00000| Untracked 
| 235|0x000000008eb00000, 0x000000008eb00000, 0x000000008ec00000|  0%| F|  |TAMS 0x000000008eb00000| PB 0x000000008eb00000| Untracked 
| 236|0x000000008ec00000, 0x000000008ec00000, 0x000000008ed00000|  0%| F|  |TAMS 0x000000008ec00000| PB 0x000000008ec00000| Untracked 
| 237|0x000000008ed00000, 0x000000008ed00000, 0x000000008ee00000|  0%| F|  |TAMS 0x000000008ed00000| PB 0x000000008ed00000| Untracked 
| 238|0x000000008ee00000, 0x000000008ee00000, 0x000000008ef00000|  0%| F|  |TAMS 0x000000008ee00000| PB 0x000000008ee00000| Untracked 
| 239|0x000000008ef00000, 0x000000008ef00000, 0x000000008f000000|  0%| F|  |TAMS 0x000000008ef00000| PB 0x000000008ef00000| Untracked 
| 240|0x000000008f000000, 0x000000008f000000, 0x000000008f100000|  0%| F|  |TAMS 0x000000008f000000| PB 0x000000008f000000| Untracked 
| 241|0x000000008f100000, 0x000000008f100000, 0x000000008f200000|  0%| F|  |TAMS 0x000000008f100000| PB 0x000000008f100000| Untracked 
| 242|0x000000008f200000, 0x000000008f200000, 0x000000008f300000|  0%| F|  |TAMS 0x000000008f200000| PB 0x000000008f200000| Untracked 
| 243|0x000000008f300000, 0x000000008f300000, 0x000000008f400000|  0%| F|  |TAMS 0x000000008f300000| PB 0x000000008f300000| Untracked 
| 244|0x000000008f400000, 0x000000008f400000, 0x000000008f500000|  0%| F|  |TAMS 0x000000008f400000| PB 0x000000008f400000| Untracked 
| 245|0x000000008f500000, 0x000000008f500000, 0x000000008f600000|  0%| F|  |TAMS 0x000000008f500000| PB 0x000000008f500000| Untracked 
| 246|0x000000008f600000, 0x000000008f600000, 0x000000008f700000|  0%| F|  |TAMS 0x000000008f600000| PB 0x000000008f600000| Untracked 
| 247|0x000000008f700000, 0x000000008f700000, 0x000000008f800000|  0%| F|  |TAMS 0x000000008f700000| PB 0x000000008f700000| Untracked 
| 248|0x000000008f800000, 0x000000008f800000, 0x000000008f900000|  0%| F|  |TAMS 0x000000008f800000| PB 0x000000008f800000| Untracked 
| 249|0x000000008f900000, 0x000000008f900000, 0x000000008fa00000|  0%| F|  |TAMS 0x000000008f900000| PB 0x000000008f900000| Untracked 
| 250|0x000000008fa00000, 0x000000008fa00000, 0x000000008fb00000|  0%| F|  |TAMS 0x000000008fa00000| PB 0x000000008fa00000| Untracked 
| 251|0x000000008fb00000, 0x000000008fb00000, 0x000000008fc00000|  0%| F|  |TAMS 0x000000008fb00000| PB 0x000000008fb00000| Untracked 
| 252|0x000000008fc00000, 0x000000008fc00000, 0x000000008fd00000|  0%| F|  |TAMS 0x000000008fc00000| PB 0x000000008fc00000| Untracked 
| 253|0x000000008fd00000, 0x000000008fd00000, 0x000000008fe00000|  0%| F|  |TAMS 0x000000008fd00000| PB 0x000000008fd00000| Untracked 
| 254|0x000000008fe00000, 0x000000008fe00000, 0x000000008ff00000|  0%| F|  |TAMS 0x000000008fe00000| PB 0x000000008fe00000| Untracked 
| 255|0x000000008ff00000, 0x000000008ff00000, 0x0000000090000000|  0%| F|  |TAMS 0x000000008ff00000| PB 0x000000008ff00000| Untracked 
| 256|0x0000000090000000, 0x0000000090000000, 0x0000000090100000|  0%| F|  |TAMS 0x0000000090000000| PB 0x0000000090000000| Untracked 
| 257|0x0000000090100000, 0x0000000090100000, 0x0000000090200000|  0%| F|  |TAMS 0x0000000090100000| PB 0x0000000090100000| Untracked 
| 258|0x0000000090200000, 0x0000000090200000, 0x0000000090300000|  0%| F|  |TAMS 0x0000000090200000| PB 0x0000000090200000| Untracked 
| 259|0x0000000090300000, 0x0000000090300000, 0x0000000090400000|  0%| F|  |TAMS 0x0000000090300000| PB 0x0000000090300000| Untracked 
| 260|0x0000000090400000, 0x0000000090400000, 0x0000000090500000|  0%| F|  |TAMS 0x0000000090400000| PB 0x0000000090400000| Untracked 
| 261|0x0000000090500000, 0x0000000090500000, 0x0000000090600000|  0%| F|  |TAMS 0x0000000090500000| PB 0x0000000090500000| Untracked 
| 262|0x0000000090600000, 0x0000000090600000, 0x0000000090700000|  0%| F|  |TAMS 0x0000000090600000| PB 0x0000000090600000| Untracked 
| 263|0x0000000090700000, 0x0000000090700000, 0x0000000090800000|  0%| F|  |TAMS 0x0000000090700000| PB 0x0000000090700000| Untracked 
| 264|0x0000000090800000, 0x0000000090800000, 0x0000000090900000|  0%| F|  |TAMS 0x0000000090800000| PB 0x0000000090800000| Untracked 
| 265|0x0000000090900000, 0x0000000090900000, 0x0000000090a00000|  0%| F|  |TAMS 0x0000000090900000| PB 0x0000000090900000| Untracked 
| 266|0x0000000090a00000, 0x0000000090a00000, 0x0000000090b00000|  0%| F|  |TAMS 0x0000000090a00000| PB 0x0000000090a00000| Untracked 
| 267|0x0000000090b00000, 0x0000000090b00000, 0x0000000090c00000|  0%| F|  |TAMS 0x0000000090b00000| PB 0x0000000090b00000| Untracked 
| 268|0x0000000090c00000, 0x0000000090c00000, 0x0000000090d00000|  0%| F|  |TAMS 0x0000000090c00000| PB 0x0000000090c00000| Untracked 
| 269|0x0000000090d00000, 0x0000000090d00000, 0x0000000090e00000|  0%| F|  |TAMS 0x0000000090d00000| PB 0x0000000090d00000| Untracked 
| 270|0x0000000090e00000, 0x0000000090e00000, 0x0000000090f00000|  0%| F|  |TAMS 0x0000000090e00000| PB 0x0000000090e00000| Untracked 
| 271|0x0000000090f00000, 0x0000000090f00000, 0x0000000091000000|  0%| F|  |TAMS 0x0000000090f00000| PB 0x0000000090f00000| Untracked 
| 272|0x0000000091000000, 0x0000000091000000, 0x0000000091100000|  0%| F|  |TAMS 0x0000000091000000| PB 0x0000000091000000| Untracked 
| 273|0x0000000091100000, 0x0000000091100000, 0x0000000091200000|  0%| F|  |TAMS 0x0000000091100000| PB 0x0000000091100000| Untracked 
| 274|0x0000000091200000, 0x0000000091200000, 0x0000000091300000|  0%| F|  |TAMS 0x0000000091200000| PB 0x0000000091200000| Untracked 
| 275|0x0000000091300000, 0x0000000091300000, 0x0000000091400000|  0%| F|  |TAMS 0x0000000091300000| PB 0x0000000091300000| Untracked 
| 276|0x0000000091400000, 0x0000000091400000, 0x0000000091500000|  0%| F|  |TAMS 0x0000000091400000| PB 0x0000000091400000| Untracked 
| 277|0x0000000091500000, 0x0000000091500000, 0x0000000091600000|  0%| F|  |TAMS 0x0000000091500000| PB 0x0000000091500000| Untracked 
| 278|0x0000000091600000, 0x0000000091600000, 0x0000000091700000|  0%| F|  |TAMS 0x0000000091600000| PB 0x0000000091600000| Untracked 
| 279|0x0000000091700000, 0x0000000091700000, 0x0000000091800000|  0%| F|  |TAMS 0x0000000091700000| PB 0x0000000091700000| Untracked 
| 280|0x0000000091800000, 0x0000000091800000, 0x0000000091900000|  0%| F|  |TAMS 0x0000000091800000| PB 0x0000000091800000| Untracked 
| 281|0x0000000091900000, 0x0000000091900000, 0x0000000091a00000|  0%| F|  |TAMS 0x0000000091900000| PB 0x0000000091900000| Untracked 
| 282|0x0000000091a00000, 0x0000000091a00000, 0x0000000091b00000|  0%| F|  |TAMS 0x0000000091a00000| PB 0x0000000091a00000| Untracked 
| 283|0x0000000091b00000, 0x0000000091b00000, 0x0000000091c00000|  0%| F|  |TAMS 0x0000000091b00000| PB 0x0000000091b00000| Untracked 
| 284|0x0000000091c00000, 0x0000000091c00000, 0x0000000091d00000|  0%| F|  |TAMS 0x0000000091c00000| PB 0x0000000091c00000| Untracked 
| 285|0x0000000091d00000, 0x0000000091d00000, 0x0000000091e00000|  0%| F|  |TAMS 0x0000000091d00000| PB 0x0000000091d00000| Untracked 
| 286|0x0000000091e00000, 0x0000000091e00000, 0x0000000091f00000|  0%| F|  |TAMS 0x0000000091e00000| PB 0x0000000091e00000| Untracked 
| 287|0x0000000091f00000, 0x0000000091f00000, 0x0000000092000000|  0%| F|  |TAMS 0x0000000091f00000| PB 0x0000000091f00000| Untracked 
| 288|0x0000000092000000, 0x0000000092000000, 0x0000000092100000|  0%| F|  |TAMS 0x0000000092000000| PB 0x0000000092000000| Untracked 
| 289|0x0000000092100000, 0x0000000092100000, 0x0000000092200000|  0%| F|  |TAMS 0x0000000092100000| PB 0x0000000092100000| Untracked 
| 290|0x0000000092200000, 0x0000000092200000, 0x0000000092300000|  0%| F|  |TAMS 0x0000000092200000| PB 0x0000000092200000| Untracked 
| 291|0x0000000092300000, 0x0000000092300000, 0x0000000092400000|  0%| F|  |TAMS 0x0000000092300000| PB 0x0000000092300000| Untracked 
| 292|0x0000000092400000, 0x0000000092400000, 0x0000000092500000|  0%| F|  |TAMS 0x0000000092400000| PB 0x0000000092400000| Untracked 
| 293|0x0000000092500000, 0x0000000092500000, 0x0000000092600000|  0%| F|  |TAMS 0x0000000092500000| PB 0x0000000092500000| Untracked 
| 294|0x0000000092600000, 0x0000000092600000, 0x0000000092700000|  0%| F|  |TAMS 0x0000000092600000| PB 0x0000000092600000| Untracked 
| 295|0x0000000092700000, 0x0000000092700000, 0x0000000092800000|  0%| F|  |TAMS 0x0000000092700000| PB 0x0000000092700000| Untracked 
| 296|0x0000000092800000, 0x0000000092800000, 0x0000000092900000|  0%| F|  |TAMS 0x0000000092800000| PB 0x0000000092800000| Untracked 
| 297|0x0000000092900000, 0x0000000092900000, 0x0000000092a00000|  0%| F|  |TAMS 0x0000000092900000| PB 0x0000000092900000| Untracked 
| 298|0x0000000092a00000, 0x0000000092a00000, 0x0000000092b00000|  0%| F|  |TAMS 0x0000000092a00000| PB 0x0000000092a00000| Untracked 
| 299|0x0000000092b00000, 0x0000000092b00000, 0x0000000092c00000|  0%| F|  |TAMS 0x0000000092b00000| PB 0x0000000092b00000| Untracked 
| 300|0x0000000092c00000, 0x0000000092c00000, 0x0000000092d00000|  0%| F|  |TAMS 0x0000000092c00000| PB 0x0000000092c00000| Untracked 
| 301|0x0000000092d00000, 0x0000000092d00000, 0x0000000092e00000|  0%| F|  |TAMS 0x0000000092d00000| PB 0x0000000092d00000| Untracked 
| 302|0x0000000092e00000, 0x0000000092e00000, 0x0000000092f00000|  0%| F|  |TAMS 0x0000000092e00000| PB 0x0000000092e00000| Untracked 
| 303|0x0000000092f00000, 0x0000000092f00000, 0x0000000093000000|  0%| F|  |TAMS 0x0000000092f00000| PB 0x0000000092f00000| Untracked 
| 304|0x0000000093000000, 0x0000000093000000, 0x0000000093100000|  0%| F|  |TAMS 0x0000000093000000| PB 0x0000000093000000| Untracked 
| 305|0x0000000093100000, 0x0000000093100000, 0x0000000093200000|  0%| F|  |TAMS 0x0000000093100000| PB 0x0000000093100000| Untracked 
| 306|0x0000000093200000, 0x0000000093200000, 0x0000000093300000|  0%| F|  |TAMS 0x0000000093200000| PB 0x0000000093200000| Untracked 
| 307|0x0000000093300000, 0x0000000093300000, 0x0000000093400000|  0%| F|  |TAMS 0x0000000093300000| PB 0x0000000093300000| Untracked 
| 308|0x0000000093400000, 0x0000000093400000, 0x0000000093500000|  0%| F|  |TAMS 0x0000000093400000| PB 0x0000000093400000| Untracked 
| 309|0x0000000093500000, 0x0000000093500000, 0x0000000093600000|  0%| F|  |TAMS 0x0000000093500000| PB 0x0000000093500000| Untracked 
| 310|0x0000000093600000, 0x0000000093600000, 0x0000000093700000|  0%| F|  |TAMS 0x0000000093600000| PB 0x0000000093600000| Untracked 
| 311|0x0000000093700000, 0x0000000093700000, 0x0000000093800000|  0%| F|  |TAMS 0x0000000093700000| PB 0x0000000093700000| Untracked 
| 312|0x0000000093800000, 0x0000000093800000, 0x0000000093900000|  0%| F|  |TAMS 0x0000000093800000| PB 0x0000000093800000| Untracked 
| 313|0x0000000093900000, 0x0000000093900000, 0x0000000093a00000|  0%| F|  |TAMS 0x0000000093900000| PB 0x0000000093900000| Untracked 
| 314|0x0000000093a00000, 0x0000000093a00000, 0x0000000093b00000|  0%| F|  |TAMS 0x0000000093a00000| PB 0x0000000093a00000| Untracked 
| 315|0x0000000093b00000, 0x0000000093b00000, 0x0000000093c00000|  0%| F|  |TAMS 0x0000000093b00000| PB 0x0000000093b00000| Untracked 
| 316|0x0000000093c00000, 0x0000000093c00000, 0x0000000093d00000|  0%| F|  |TAMS 0x0000000093c00000| PB 0x0000000093c00000| Untracked 
| 317|0x0000000093d00000, 0x0000000093d00000, 0x0000000093e00000|  0%| F|  |TAMS 0x0000000093d00000| PB 0x0000000093d00000| Untracked 
| 318|0x0000000093e00000, 0x0000000093e00000, 0x0000000093f00000|  0%| F|  |TAMS 0x0000000093e00000| PB 0x0000000093e00000| Untracked 
| 319|0x0000000093f00000, 0x0000000093f00000, 0x0000000094000000|  0%| F|  |TAMS 0x0000000093f00000| PB 0x0000000093f00000| Untracked 
| 320|0x0000000094000000, 0x0000000094000000, 0x0000000094100000|  0%| F|  |TAMS 0x0000000094000000| PB 0x0000000094000000| Untracked 
| 321|0x0000000094100000, 0x0000000094100000, 0x0000000094200000|  0%| F|  |TAMS 0x0000000094100000| PB 0x0000000094100000| Untracked 
| 322|0x0000000094200000, 0x0000000094200000, 0x0000000094300000|  0%| F|  |TAMS 0x0000000094200000| PB 0x0000000094200000| Untracked 
| 323|0x0000000094300000, 0x0000000094300000, 0x0000000094400000|  0%| F|  |TAMS 0x0000000094300000| PB 0x0000000094300000| Untracked 
| 324|0x0000000094400000, 0x0000000094400000, 0x0000000094500000|  0%| F|  |TAMS 0x0000000094400000| PB 0x0000000094400000| Untracked 
| 325|0x0000000094500000, 0x0000000094500000, 0x0000000094600000|  0%| F|  |TAMS 0x0000000094500000| PB 0x0000000094500000| Untracked 
| 326|0x0000000094600000, 0x0000000094600000, 0x0000000094700000|  0%| F|  |TAMS 0x0000000094600000| PB 0x0000000094600000| Untracked 
| 327|0x0000000094700000, 0x0000000094700000, 0x0000000094800000|  0%| F|  |TAMS 0x0000000094700000| PB 0x0000000094700000| Untracked 
| 328|0x0000000094800000, 0x0000000094800000, 0x0000000094900000|  0%| F|  |TAMS 0x0000000094800000| PB 0x0000000094800000| Untracked 
| 329|0x0000000094900000, 0x0000000094900000, 0x0000000094a00000|  0%| F|  |TAMS 0x0000000094900000| PB 0x0000000094900000| Untracked 
| 330|0x0000000094a00000, 0x0000000094a00000, 0x0000000094b00000|  0%| F|  |TAMS 0x0000000094a00000| PB 0x0000000094a00000| Untracked 
| 331|0x0000000094b00000, 0x0000000094b00000, 0x0000000094c00000|  0%| F|  |TAMS 0x0000000094b00000| PB 0x0000000094b00000| Untracked 
| 332|0x0000000094c00000, 0x0000000094c00000, 0x0000000094d00000|  0%| F|  |TAMS 0x0000000094c00000| PB 0x0000000094c00000| Untracked 
| 333|0x0000000094d00000, 0x0000000094d00000, 0x0000000094e00000|  0%| F|  |TAMS 0x0000000094d00000| PB 0x0000000094d00000| Untracked 
| 334|0x0000000094e00000, 0x0000000094e00000, 0x0000000094f00000|  0%| F|  |TAMS 0x0000000094e00000| PB 0x0000000094e00000| Untracked 
| 335|0x0000000094f00000, 0x0000000094f00000, 0x0000000095000000|  0%| F|  |TAMS 0x0000000094f00000| PB 0x0000000094f00000| Untracked 
| 336|0x0000000095000000, 0x0000000095000000, 0x0000000095100000|  0%| F|  |TAMS 0x0000000095000000| PB 0x0000000095000000| Untracked 
| 337|0x0000000095100000, 0x0000000095100000, 0x0000000095200000|  0%| F|  |TAMS 0x0000000095100000| PB 0x0000000095100000| Untracked 
| 338|0x0000000095200000, 0x0000000095200000, 0x0000000095300000|  0%| F|  |TAMS 0x0000000095200000| PB 0x0000000095200000| Untracked 
| 339|0x0000000095300000, 0x0000000095300000, 0x0000000095400000|  0%| F|  |TAMS 0x0000000095300000| PB 0x0000000095300000| Untracked 
| 340|0x0000000095400000, 0x0000000095400000, 0x0000000095500000|  0%| F|  |TAMS 0x0000000095400000| PB 0x0000000095400000| Untracked 
| 341|0x0000000095500000, 0x0000000095500000, 0x0000000095600000|  0%| F|  |TAMS 0x0000000095500000| PB 0x0000000095500000| Untracked 
| 342|0x0000000095600000, 0x0000000095600000, 0x0000000095700000|  0%| F|  |TAMS 0x0000000095600000| PB 0x0000000095600000| Untracked 
| 343|0x0000000095700000, 0x0000000095700000, 0x0000000095800000|  0%| F|  |TAMS 0x0000000095700000| PB 0x0000000095700000| Untracked 
| 344|0x0000000095800000, 0x0000000095800000, 0x0000000095900000|  0%| F|  |TAMS 0x0000000095800000| PB 0x0000000095800000| Untracked 
| 345|0x0000000095900000, 0x0000000095900000, 0x0000000095a00000|  0%| F|  |TAMS 0x0000000095900000| PB 0x0000000095900000| Untracked 
| 346|0x0000000095a00000, 0x0000000095a00000, 0x0000000095b00000|  0%| F|  |TAMS 0x0000000095a00000| PB 0x0000000095a00000| Untracked 
| 347|0x0000000095b00000, 0x0000000095b00000, 0x0000000095c00000|  0%| F|  |TAMS 0x0000000095b00000| PB 0x0000000095b00000| Untracked 
| 348|0x0000000095c00000, 0x0000000095c00000, 0x0000000095d00000|  0%| F|  |TAMS 0x0000000095c00000| PB 0x0000000095c00000| Untracked 
| 349|0x0000000095d00000, 0x0000000095d00000, 0x0000000095e00000|  0%| F|  |TAMS 0x0000000095d00000| PB 0x0000000095d00000| Untracked 
| 350|0x0000000095e00000, 0x0000000095e00000, 0x0000000095f00000|  0%| F|  |TAMS 0x0000000095e00000| PB 0x0000000095e00000| Untracked 
| 351|0x0000000095f00000, 0x0000000095f00000, 0x0000000096000000|  0%| F|  |TAMS 0x0000000095f00000| PB 0x0000000095f00000| Untracked 
| 352|0x0000000096000000, 0x0000000096000000, 0x0000000096100000|  0%| F|  |TAMS 0x0000000096000000| PB 0x0000000096000000| Untracked 
| 353|0x0000000096100000, 0x0000000096100000, 0x0000000096200000|  0%| F|  |TAMS 0x0000000096100000| PB 0x0000000096100000| Untracked 
| 354|0x0000000096200000, 0x0000000096200000, 0x0000000096300000|  0%| F|  |TAMS 0x0000000096200000| PB 0x0000000096200000| Untracked 
| 355|0x0000000096300000, 0x0000000096300000, 0x0000000096400000|  0%| F|  |TAMS 0x0000000096300000| PB 0x0000000096300000| Untracked 
| 356|0x0000000096400000, 0x0000000096400000, 0x0000000096500000|  0%| F|  |TAMS 0x0000000096400000| PB 0x0000000096400000| Untracked 
| 357|0x0000000096500000, 0x0000000096500000, 0x0000000096600000|  0%| F|  |TAMS 0x0000000096500000| PB 0x0000000096500000| Untracked 
| 358|0x0000000096600000, 0x0000000096600000, 0x0000000096700000|  0%| F|  |TAMS 0x0000000096600000| PB 0x0000000096600000| Untracked 
| 359|0x0000000096700000, 0x0000000096700000, 0x0000000096800000|  0%| F|  |TAMS 0x0000000096700000| PB 0x0000000096700000| Untracked 
| 360|0x0000000096800000, 0x0000000096800000, 0x0000000096900000|  0%| F|  |TAMS 0x0000000096800000| PB 0x0000000096800000| Untracked 
| 361|0x0000000096900000, 0x0000000096900000, 0x0000000096a00000|  0%| F|  |TAMS 0x0000000096900000| PB 0x0000000096900000| Untracked 
| 362|0x0000000096a00000, 0x0000000096a00000, 0x0000000096b00000|  0%| F|  |TAMS 0x0000000096a00000| PB 0x0000000096a00000| Untracked 
| 363|0x0000000096b00000, 0x0000000096b00000, 0x0000000096c00000|  0%| F|  |TAMS 0x0000000096b00000| PB 0x0000000096b00000| Untracked 
| 364|0x0000000096c00000, 0x0000000096c00000, 0x0000000096d00000|  0%| F|  |TAMS 0x0000000096c00000| PB 0x0000000096c00000| Untracked 
| 365|0x0000000096d00000, 0x0000000096d00000, 0x0000000096e00000|  0%| F|  |TAMS 0x0000000096d00000| PB 0x0000000096d00000| Untracked 
| 366|0x0000000096e00000, 0x0000000096e00000, 0x0000000096f00000|  0%| F|  |TAMS 0x0000000096e00000| PB 0x0000000096e00000| Untracked 
| 367|0x0000000096f00000, 0x0000000096f00000, 0x0000000097000000|  0%| F|  |TAMS 0x0000000096f00000| PB 0x0000000096f00000| Untracked 
| 368|0x0000000097000000, 0x0000000097000000, 0x0000000097100000|  0%| F|  |TAMS 0x0000000097000000| PB 0x0000000097000000| Untracked 
| 369|0x0000000097100000, 0x0000000097100000, 0x0000000097200000|  0%| F|  |TAMS 0x0000000097100000| PB 0x0000000097100000| Untracked 
| 370|0x0000000097200000, 0x0000000097200000, 0x0000000097300000|  0%| F|  |TAMS 0x0000000097200000| PB 0x0000000097200000| Untracked 
| 371|0x0000000097300000, 0x0000000097300000, 0x0000000097400000|  0%| F|  |TAMS 0x0000000097300000| PB 0x0000000097300000| Untracked 
| 372|0x0000000097400000, 0x0000000097400000, 0x0000000097500000|  0%| F|  |TAMS 0x0000000097400000| PB 0x0000000097400000| Untracked 
| 373|0x0000000097500000, 0x0000000097500000, 0x0000000097600000|  0%| F|  |TAMS 0x0000000097500000| PB 0x0000000097500000| Untracked 
| 374|0x0000000097600000, 0x0000000097600000, 0x0000000097700000|  0%| F|  |TAMS 0x0000000097600000| PB 0x0000000097600000| Untracked 
| 375|0x0000000097700000, 0x0000000097700000, 0x0000000097800000|  0%| F|  |TAMS 0x0000000097700000| PB 0x0000000097700000| Untracked 
| 376|0x0000000097800000, 0x0000000097800000, 0x0000000097900000|  0%| F|  |TAMS 0x0000000097800000| PB 0x0000000097800000| Untracked 
| 377|0x0000000097900000, 0x0000000097900000, 0x0000000097a00000|  0%| F|  |TAMS 0x0000000097900000| PB 0x0000000097900000| Untracked 
| 378|0x0000000097a00000, 0x0000000097a00000, 0x0000000097b00000|  0%| F|  |TAMS 0x0000000097a00000| PB 0x0000000097a00000| Untracked 
| 379|0x0000000097b00000, 0x0000000097b00000, 0x0000000097c00000|  0%| F|  |TAMS 0x0000000097b00000| PB 0x0000000097b00000| Untracked 
| 380|0x0000000097c00000, 0x0000000097c00000, 0x0000000097d00000|  0%| F|  |TAMS 0x0000000097c00000| PB 0x0000000097c00000| Untracked 
| 381|0x0000000097d00000, 0x0000000097d00000, 0x0000000097e00000|  0%| F|  |TAMS 0x0000000097d00000| PB 0x0000000097d00000| Untracked 
| 382|0x0000000097e00000, 0x0000000097e00000, 0x0000000097f00000|  0%| F|  |TAMS 0x0000000097e00000| PB 0x0000000097e00000| Untracked 
| 383|0x0000000097f00000, 0x0000000097f00000, 0x0000000098000000|  0%| F|  |TAMS 0x0000000097f00000| PB 0x0000000097f00000| Untracked 
| 384|0x0000000098000000, 0x0000000098000000, 0x0000000098100000|  0%| F|  |TAMS 0x0000000098000000| PB 0x0000000098000000| Untracked 
| 385|0x0000000098100000, 0x0000000098100000, 0x0000000098200000|  0%| F|  |TAMS 0x0000000098100000| PB 0x0000000098100000| Untracked 
| 386|0x0000000098200000, 0x0000000098200000, 0x0000000098300000|  0%| F|  |TAMS 0x0000000098200000| PB 0x0000000098200000| Untracked 
| 387|0x0000000098300000, 0x0000000098300000, 0x0000000098400000|  0%| F|  |TAMS 0x0000000098300000| PB 0x0000000098300000| Untracked 
| 388|0x0000000098400000, 0x0000000098400000, 0x0000000098500000|  0%| F|  |TAMS 0x0000000098400000| PB 0x0000000098400000| Untracked 
| 389|0x0000000098500000, 0x0000000098500000, 0x0000000098600000|  0%| F|  |TAMS 0x0000000098500000| PB 0x0000000098500000| Untracked 
| 390|0x0000000098600000, 0x0000000098600000, 0x0000000098700000|  0%| F|  |TAMS 0x0000000098600000| PB 0x0000000098600000| Untracked 
| 391|0x0000000098700000, 0x0000000098700000, 0x0000000098800000|  0%| F|  |TAMS 0x0000000098700000| PB 0x0000000098700000| Untracked 
| 392|0x0000000098800000, 0x0000000098800000, 0x0000000098900000|  0%| F|  |TAMS 0x0000000098800000| PB 0x0000000098800000| Untracked 
| 393|0x0000000098900000, 0x0000000098900000, 0x0000000098a00000|  0%| F|  |TAMS 0x0000000098900000| PB 0x0000000098900000| Untracked 
| 394|0x0000000098a00000, 0x0000000098a00000, 0x0000000098b00000|  0%| F|  |TAMS 0x0000000098a00000| PB 0x0000000098a00000| Untracked 
| 395|0x0000000098b00000, 0x0000000098b00000, 0x0000000098c00000|  0%| F|  |TAMS 0x0000000098b00000| PB 0x0000000098b00000| Untracked 
| 396|0x0000000098c00000, 0x0000000098c00000, 0x0000000098d00000|  0%| F|  |TAMS 0x0000000098c00000| PB 0x0000000098c00000| Untracked 
| 397|0x0000000098d00000, 0x0000000098d00000, 0x0000000098e00000|  0%| F|  |TAMS 0x0000000098d00000| PB 0x0000000098d00000| Untracked 
| 398|0x0000000098e00000, 0x0000000098e00000, 0x0000000098f00000|  0%| F|  |TAMS 0x0000000098e00000| PB 0x0000000098e00000| Untracked 
| 399|0x0000000098f00000, 0x0000000098f00000, 0x0000000099000000|  0%| F|  |TAMS 0x0000000098f00000| PB 0x0000000098f00000| Untracked 
| 400|0x0000000099000000, 0x000000009905cdc0, 0x0000000099100000| 36%| S|CS|TAMS 0x0000000099000000| PB 0x0000000099000000| Complete 
| 401|0x0000000099100000, 0x0000000099100000, 0x0000000099200000|  0%| F|  |TAMS 0x0000000099100000| PB 0x0000000099100000| Untracked 
| 402|0x0000000099200000, 0x0000000099200000, 0x0000000099300000|  0%| F|  |TAMS 0x0000000099200000| PB 0x0000000099200000| Untracked 
| 403|0x0000000099300000, 0x0000000099300000, 0x0000000099400000|  0%| F|  |TAMS 0x0000000099300000| PB 0x0000000099300000| Untracked 
| 404|0x0000000099400000, 0x0000000099400000, 0x0000000099500000|  0%| F|  |TAMS 0x0000000099400000| PB 0x0000000099400000| Untracked 
| 405|0x0000000099500000, 0x0000000099500000, 0x0000000099600000|  0%| F|  |TAMS 0x0000000099500000| PB 0x0000000099500000| Untracked 
| 406|0x0000000099600000, 0x0000000099600000, 0x0000000099700000|  0%| F|  |TAMS 0x0000000099600000| PB 0x0000000099600000| Untracked 
| 407|0x0000000099700000, 0x0000000099700000, 0x0000000099800000|  0%| F|  |TAMS 0x0000000099700000| PB 0x0000000099700000| Untracked 
| 408|0x0000000099800000, 0x0000000099800000, 0x0000000099900000|  0%| F|  |TAMS 0x0000000099800000| PB 0x0000000099800000| Untracked 
| 409|0x0000000099900000, 0x0000000099900000, 0x0000000099a00000|  0%| F|  |TAMS 0x0000000099900000| PB 0x0000000099900000| Untracked 
| 410|0x0000000099a00000, 0x0000000099a00000, 0x0000000099b00000|  0%| F|  |TAMS 0x0000000099a00000| PB 0x0000000099a00000| Untracked 
| 411|0x0000000099b00000, 0x0000000099b00000, 0x0000000099c00000|  0%| F|  |TAMS 0x0000000099b00000| PB 0x0000000099b00000| Untracked 
| 412|0x0000000099c00000, 0x0000000099c00000, 0x0000000099d00000|  0%| F|  |TAMS 0x0000000099c00000| PB 0x0000000099c00000| Untracked 
| 413|0x0000000099d00000, 0x0000000099d00000, 0x0000000099e00000|  0%| F|  |TAMS 0x0000000099d00000| PB 0x0000000099d00000| Untracked 
| 414|0x0000000099e00000, 0x0000000099e00000, 0x0000000099f00000|  0%| F|  |TAMS 0x0000000099e00000| PB 0x0000000099e00000| Untracked 
| 415|0x0000000099f00000, 0x0000000099f00000, 0x000000009a000000|  0%| F|  |TAMS 0x0000000099f00000| PB 0x0000000099f00000| Untracked 
| 416|0x000000009a000000, 0x000000009a000000, 0x000000009a100000|  0%| F|  |TAMS 0x000000009a000000| PB 0x000000009a000000| Untracked 
| 417|0x000000009a100000, 0x000000009a100000, 0x000000009a200000|  0%| F|  |TAMS 0x000000009a100000| PB 0x000000009a100000| Untracked 
| 418|0x000000009a200000, 0x000000009a200000, 0x000000009a300000|  0%| F|  |TAMS 0x000000009a200000| PB 0x000000009a200000| Untracked 
| 419|0x000000009a300000, 0x000000009a300000, 0x000000009a400000|  0%| F|  |TAMS 0x000000009a300000| PB 0x000000009a300000| Untracked 
|2027|0x00000000feb00000, 0x00000000fec00000, 0x00000000fec00000|100%| O|  |TAMS 0x00000000fec00000| PB 0x00000000feb00000| Untracked 
|2028|0x00000000fec00000, 0x00000000fed00000, 0x00000000fed00000|100%| O|  |TAMS 0x00000000fed00000| PB 0x00000000fec00000| Untracked 
|2029|0x00000000fed00000, 0x00000000fee00000, 0x00000000fee00000|100%| O|  |TAMS 0x00000000fee00000| PB 0x00000000fed00000| Untracked 
|2030|0x00000000fee00000, 0x00000000fee00000, 0x00000000fef00000|  0%| F|  |TAMS 0x00000000fee00000| PB 0x00000000fee00000| Untracked 
|2031|0x00000000fef00000, 0x00000000ff000000, 0x00000000ff000000|100%| O|  |TAMS 0x00000000ff000000| PB 0x00000000fef00000| Untracked 
|2032|0x00000000ff000000, 0x00000000ff100000, 0x00000000ff100000|100%| O|  |TAMS 0x00000000ff100000| PB 0x00000000ff000000| Untracked 
|2033|0x00000000ff100000, 0x00000000ff100000, 0x00000000ff200000|  0%| F|  |TAMS 0x00000000ff100000| PB 0x00000000ff100000| Untracked 
|2034|0x00000000ff200000, 0x00000000ff300000, 0x00000000ff300000|100%| O|  |TAMS 0x00000000ff300000| PB 0x00000000ff200000| Untracked 
|2035|0x00000000ff300000, 0x00000000ff400000, 0x00000000ff400000|100%| O|  |TAMS 0x00000000ff400000| PB 0x00000000ff300000| Untracked 
|2036|0x00000000ff400000, 0x00000000ff500000, 0x00000000ff500000|100%| O|  |TAMS 0x00000000ff500000| PB 0x00000000ff400000| Untracked 
|2037|0x00000000ff500000, 0x00000000ff500000, 0x00000000ff600000|  0%| F|  |TAMS 0x00000000ff500000| PB 0x00000000ff500000| Untracked 
|2038|0x00000000ff600000, 0x00000000ff600000, 0x00000000ff700000|  0%| F|  |TAMS 0x00000000ff600000| PB 0x00000000ff600000| Untracked 
|2039|0x00000000ff700000, 0x00000000ff800000, 0x00000000ff800000|100%| O|  |TAMS 0x00000000ff800000| PB 0x00000000ff700000| Untracked 
|2040|0x00000000ff800000, 0x00000000ff900000, 0x00000000ff900000|100%| O|  |TAMS 0x00000000ff900000| PB 0x00000000ff800000| Untracked 
|2041|0x00000000ff900000, 0x00000000ffa00000, 0x00000000ffa00000|100%| O|  |TAMS 0x00000000ffa00000| PB 0x00000000ff900000| Untracked 
|2042|0x00000000ffa00000, 0x00000000ffb00000, 0x00000000ffb00000|100%| O|  |TAMS 0x00000000ffb00000| PB 0x00000000ffa00000| Untracked 
|2043|0x00000000ffb00000, 0x00000000ffc00000, 0x00000000ffc00000|100%| O|  |TAMS 0x00000000ffc00000| PB 0x00000000ffb00000| Untracked 
|2044|0x00000000ffc00000, 0x00000000ffd00000, 0x00000000ffd00000|100%| O|  |TAMS 0x00000000ffd00000| PB 0x00000000ffc00000| Untracked 
|2045|0x00000000ffd00000, 0x00000000ffe00000, 0x00000000ffe00000|100%| O|  |TAMS 0x00000000ffe00000| PB 0x00000000ffd00000| Untracked 
|2046|0x00000000ffe00000, 0x00000000fff00000, 0x00000000fff00000|100%| O|  |TAMS 0x00000000fff00000| PB 0x00000000ffe00000| Untracked 
|2047|0x00000000fff00000, 0x0000000100000000, 0x0000000100000000|100%| O|  |TAMS 0x0000000100000000| PB 0x00000000fff00000| Untracked 

Card table byte_map: [0x00000203c64e0000,0x00000203c68e0000] _byte_map_base: 0x00000203c60e0000

Marking Bits: (CMBitMap*) 0x00000203b3a84da0
 Bits: [0x00000203c68e0000, 0x00000203c88e0000)

Polling page: 0x00000203b17c0000

Metaspace:

Usage:
  Non-class:     82.68 MB used.
      Class:     12.77 MB used.
       Both:     95.45 MB used.

Virtual space:
  Non-class space:      128.00 MB reserved,      83.56 MB ( 65%) committed,  2 nodes.
      Class space:        1.00 GB reserved,      13.62 MB (  1%) committed,  1 nodes.
             Both:        1.12 GB reserved,      97.19 MB (  8%) committed. 

Chunk freelists:
   Non-Class:  11.81 MB
       Class:  2.41 MB
        Both:  14.22 MB

MaxMetaspaceSize: unlimited
CompressedClassSpaceSize: 1.00 GB
Initial GC threshold: 21.00 MB
Current GC threshold: 161.81 MB
CDS: off
 - commit_granule_bytes: 65536.
 - commit_granule_words: 8192.
 - virtual_space_node_default_size: 8388608.
 - enlarge_chunks_in_place: 1.
 - use_allocation_guard: 0.


Internal statistics:

num_allocs_failed_limit: 6.
num_arena_births: 3254.
num_arena_deaths: 16.
num_vsnodes_births: 3.
num_vsnodes_deaths: 0.
num_space_committed: 1555.
num_space_uncommitted: 0.
num_chunks_returned_to_freelist: 39.
num_chunks_taken_from_freelist: 7037.
num_chunk_merges: 7.
num_chunk_splits: 4568.
num_chunks_enlarged: 2870.
num_inconsistent_stats: 0.

CodeHeap 'non-profiled nmethods': size=120000Kb used=10354Kb max_used=10755Kb free=109645Kb
 bounds [0x00000203be650000, 0x00000203bf0e0000, 0x00000203c5b80000]
CodeHeap 'profiled nmethods': size=120000Kb used=25405Kb max_used=28828Kb free=94594Kb
 bounds [0x00000203b6b80000, 0x00000203b8800000, 0x00000203be0b0000]
CodeHeap 'non-nmethods': size=5760Kb used=2925Kb max_used=2986Kb free=2834Kb
 bounds [0x00000203be0b0000, 0x00000203be3b0000, 0x00000203be650000]
CodeCache: size=245760Kb, used=38684Kb, max_used=42569Kb, free=207073Kb
 total_blobs=14540, nmethods=13573, adapters=870, full_count=0
Compilation: enabled, stopped_count=0, restarted_count=0

Compilation events (20 events):
Event: 77.450 Thread 0x00000203cb785130 18739       3       org.gradle.internal.snapshot.SnapshotHierarchy$$Lambda/0x0000000100518958::test (12 bytes)
Event: 77.450 Thread 0x00000203cb785130 nmethod 18739 0x00000203b6e39f90 code [0x00000203b6e3a140, 0x00000203b6e3a380]
Event: 77.455 Thread 0x00000203cb785130 18741       2       org.gradle.internal.serialize.kryo.KryoBackedDecoder::close (8 bytes)
Event: 77.455 Thread 0x00000203cb785130 nmethod 18741 0x00000203b6ef9790 code [0x00000203b6ef9940, 0x00000203b6ef9ac8]
Event: 77.455 Thread 0x00000203cb785130 18742   !   2       com.esotericsoftware.kryo.io.Input::close (19 bytes)
Event: 77.456 Thread 0x00000203cb785130 nmethod 18742 0x00000203b6f18d10 code [0x00000203b6f18ec0, 0x00000203b6f19048]
Event: 77.458 Thread 0x00000203cb785130 18743       3       org.gradle.internal.snapshot.SnapshotUtil$1::handleExactMatchWithChild (9 bytes)
Event: 77.459 Thread 0x00000203cb785130 nmethod 18743 0x00000203b6d1a490 code [0x00000203b6d1a660, 0x00000203b6d1a988]
Event: 77.469 Thread 0x00000203cb785130 18744       3       org.objectweb.asm.AnnotationWriter::visitEnum (63 bytes)
Event: 77.470 Thread 0x00000203cb785130 nmethod 18744 0x00000203b6e0ec10 code [0x00000203b6e0ee20, 0x00000203b6e0f120]
Event: 77.476 Thread 0x00000203cb785130 18745       3       org.gradle.api.internal.provider.Providers$FixedValueProvider::getType (14 bytes)
Event: 77.476 Thread 0x00000203cb785130 nmethod 18745 0x00000203b6e4c190 code [0x00000203b6e4c340, 0x00000203b6e4c5b8]
Event: 78.586 Thread 0x00000203cb785130 18749       3       org.apache.commons.compress.archivers.zip.ZipArchiveEntry::equals (286 bytes)
Event: 78.588 Thread 0x00000203cb785130 nmethod 18749 0x00000203b78cfe90 code [0x00000203b78d02e0, 0x00000203b78d2c30]
Event: 78.599 Thread 0x00000203cb785130 18750   !   3       java.util.concurrent.ConcurrentHashMap::transfer (849 bytes)
Event: 78.602 Thread 0x00000203cb785130 nmethod 18750 0x00000203b7e26610 code [0x00000203b7e26a40, 0x00000203b7e28e88]
Event: 78.609 Thread 0x00000203cb785130 18751       3       org.objectweb.asm.SymbolTable::addConstantNameAndType (137 bytes)
Event: 78.610 Thread 0x00000203cb785130 nmethod 18751 0x00000203b6f69890 code [0x00000203b6f69b00, 0x00000203b6f6a1f8]
Event: 78.610 Thread 0x00000203cb785130 18753       3       org.objectweb.asm.SymbolTable::addConstantMemberReference (147 bytes)
Event: 78.610 Thread 0x00000203cb785130 nmethod 18753 0x00000203b72ff390 code [0x00000203b72ff620, 0x00000203b72ffeb0]

GC Heap History (20 events):
Event: 75.739 GC heap after
{Heap after GC invocations=72 (full 0):
 garbage-first heap   total 382976K, used 151088K [0x0000000080000000, 0x0000000100000000)
  region size 1024K, 28 young (28672K), 28 survivors (28672K)
 Metaspace       used 97527K, committed 99328K, reserved 1179648K
  class space    used 13075K, committed 13952K, reserved 1048576K
}
Event: 75.798 GC heap before
{Heap before GC invocations=72 (full 0):
 garbage-first heap   total 382976K, used 188976K [0x0000000080000000, 0x0000000100000000)
  region size 1024K, 66 young (67584K), 28 survivors (28672K)
 Metaspace       used 97563K, committed 99392K, reserved 1179648K
  class space    used 13075K, committed 13952K, reserved 1048576K
}
Event: 75.814 GC heap after
{Heap after GC invocations=73 (full 0):
 garbage-first heap   total 382976K, used 156112K [0x0000000080000000, 0x0000000100000000)
  region size 1024K, 4 young (4096K), 4 survivors (4096K)
 Metaspace       used 97563K, committed 99392K, reserved 1179648K
  class space    used 13075K, committed 13952K, reserved 1048576K
}
Event: 76.231 GC heap before
{Heap before GC invocations=74 (full 0):
 garbage-first heap   total 382976K, used 347600K [0x0000000080000000, 0x0000000100000000)
  region size 1024K, 190 young (194560K), 4 survivors (4096K)
 Metaspace       used 97616K, committed 99392K, reserved 1179648K
  class space    used 13076K, committed 13952K, reserved 1048576K
}
Event: 76.238 GC heap after
{Heap after GC invocations=75 (full 0):
 garbage-first heap   total 382976K, used 160255K [0x0000000080000000, 0x0000000100000000)
  region size 1024K, 5 young (5120K), 5 survivors (5120K)
 Metaspace       used 97616K, committed 99392K, reserved 1179648K
  class space    used 13076K, committed 13952K, reserved 1048576K
}
Event: 76.520 GC heap before
{Heap before GC invocations=75 (full 0):
 garbage-first heap   total 382976K, used 350719K [0x0000000080000000, 0x0000000100000000)
  region size 1024K, 193 young (197632K), 5 survivors (5120K)
 Metaspace       used 97645K, committed 99456K, reserved 1179648K
  class space    used 13076K, committed 13952K, reserved 1048576K
}
Event: 76.528 GC heap after
{Heap after GC invocations=76 (full 0):
 garbage-first heap   total 382976K, used 160764K [0x0000000080000000, 0x0000000100000000)
  region size 1024K, 6 young (6144K), 6 survivors (6144K)
 Metaspace       used 97645K, committed 99456K, reserved 1179648K
  class space    used 13076K, committed 13952K, reserved 1048576K
}
Event: 76.854 GC heap before
{Heap before GC invocations=76 (full 0):
 garbage-first heap   total 382976K, used 355324K [0x0000000080000000, 0x0000000100000000)
  region size 1024K, 197 young (201728K), 6 survivors (6144K)
 Metaspace       used 97665K, committed 99456K, reserved 1179648K
  class space    used 13078K, committed 13952K, reserved 1048576K
}
Event: 76.862 GC heap after
{Heap after GC invocations=77 (full 0):
 garbage-first heap   total 382976K, used 162126K [0x0000000080000000, 0x0000000100000000)
  region size 1024K, 7 young (7168K), 7 survivors (7168K)
 Metaspace       used 97665K, committed 99456K, reserved 1179648K
  class space    used 13078K, committed 13952K, reserved 1048576K
}
Event: 77.269 GC heap before
{Heap before GC invocations=78 (full 0):
 garbage-first heap   total 382976K, used 359758K [0x0000000080000000, 0x0000000100000000)
  region size 1024K, 201 young (205824K), 7 survivors (7168K)
 Metaspace       used 97735K, committed 99520K, reserved 1179648K
  class space    used 13078K, committed 13952K, reserved 1048576K
}
Event: 77.278 GC heap after
{Heap after GC invocations=79 (full 0):
 garbage-first heap   total 382976K, used 163789K [0x0000000080000000, 0x0000000100000000)
  region size 1024K, 9 young (9216K), 9 survivors (9216K)
 Metaspace       used 97735K, committed 99520K, reserved 1179648K
  class space    used 13078K, committed 13952K, reserved 1048576K
}
Event: 77.526 GC heap before
{Heap before GC invocations=79 (full 0):
 garbage-first heap   total 382976K, used 360397K [0x0000000080000000, 0x0000000100000000)
  region size 1024K, 202 young (206848K), 9 survivors (9216K)
 Metaspace       used 97745K, committed 99520K, reserved 1179648K
  class space    used 13078K, committed 13952K, reserved 1048576K
}
Event: 78.536 GC heap after
{Heap after GC invocations=80 (full 0):
 garbage-first heap   total 451584K, used 164124K [0x0000000080000000, 0x0000000100000000)
  region size 1024K, 11 young (11264K), 11 survivors (11264K)
 Metaspace       used 97745K, committed 99520K, reserved 1179648K
  class space    used 13078K, committed 13952K, reserved 1048576K
}
Event: 78.538 GC heap before
{Heap before GC invocations=80 (full 0):
 garbage-first heap   total 451584K, used 165148K [0x0000000080000000, 0x0000000100000000)
  region size 1024K, 13 young (13312K), 11 survivors (11264K)
 Metaspace       used 97745K, committed 99520K, reserved 1179648K
  class space    used 13078K, committed 13952K, reserved 1048576K
}
Event: 78.545 GC heap after
{Heap after GC invocations=81 (full 0):
 garbage-first heap   total 451584K, used 165144K [0x0000000080000000, 0x0000000100000000)
  region size 1024K, 2 young (2048K), 2 survivors (2048K)
 Metaspace       used 97745K, committed 99520K, reserved 1179648K
  class space    used 13078K, committed 13952K, reserved 1048576K
}
Event: 78.569 GC heap before
{Heap before GC invocations=81 (full 0):
 garbage-first heap   total 451584K, used 185624K [0x0000000080000000, 0x0000000100000000)
  region size 1024K, 22 young (22528K), 2 survivors (2048K)
 Metaspace       used 97745K, committed 99520K, reserved 1179648K
  class space    used 13078K, committed 13952K, reserved 1048576K
}
Event: 78.573 GC heap after
{Heap after GC invocations=82 (full 0):
 garbage-first heap   total 451584K, used 166990K [0x0000000080000000, 0x0000000100000000)
  region size 1024K, 3 young (3072K), 3 survivors (3072K)
 Metaspace       used 97745K, committed 99520K, reserved 1179648K
  class space    used 13078K, committed 13952K, reserved 1048576K
}
Event: 78.589 GC heap before
{Heap before GC invocations=82 (full 0):
 garbage-first heap   total 451584K, used 185422K [0x0000000080000000, 0x0000000100000000)
  region size 1024K, 22 young (22528K), 3 survivors (3072K)
 Metaspace       used 97745K, committed 99520K, reserved 1179648K
  class space    used 13078K, committed 13952K, reserved 1048576K
}
Event: 78.593 GC heap after
{Heap after GC invocations=83 (full 0):
 garbage-first heap   total 451584K, used 168486K [0x0000000080000000, 0x0000000100000000)
  region size 1024K, 3 young (3072K), 3 survivors (3072K)
 Metaspace       used 97745K, committed 99520K, reserved 1179648K
  class space    used 13078K, committed 13952K, reserved 1048576K
}
Event: 78.621 GC heap before
{Heap before GC invocations=83 (full 0):
 garbage-first heap   total 451584K, used 188966K [0x0000000080000000, 0x0000000100000000)
  region size 1024K, 23 young (23552K), 3 survivors (3072K)
 Metaspace       used 97745K, committed 99520K, reserved 1179648K
  class space    used 13078K, committed 13952K, reserved 1048576K
}

Dll operation events (3 events):
Event: 0.025 Loaded shared library C:\Program Files\Android\Android Studio1\jbr\bin\java.dll
Event: 0.036 Loaded shared library C:\Program Files\Android\Android Studio1\jbr\bin\zip.dll
Event: 0.678 Loaded shared library C:\Program Files\Android\Android Studio1\jbr\bin\verify.dll

Deoptimization events (20 events):
Event: 77.377 Thread 0x00000203d56ac1d0 Uncommon trap: trap_request=0xffffff45 fr.pc=0x00000203be93392c relative=0x000000000000382c
Event: 77.378 Thread 0x00000203d56ac1d0 Uncommon trap: reason=unstable_if action=reinterpret pc=0x00000203be93392c method=org.gradle.internal.classpath.generated.InterceptorDeclaration_ConfigCacheJvmBytecode.visitMethodInsn(Lorg/gradle/model/internal/asm/MethodVisitorScope;Ljava/lang/String;ILj
Event: 77.378 Thread 0x00000203d56ac1d0 DEOPT PACKING pc=0x00000203be93392c sp=0x0000001a5f9fa290
Event: 77.378 Thread 0x00000203d56ac1d0 DEOPT UNPACKING pc=0x00000203be107aa2 sp=0x0000001a5f9fa1f0 mode 2
Event: 77.448 Thread 0x00000203d22bd820 Uncommon trap: trap_request=0xffffff45 fr.pc=0x00000203bef9e3e0 relative=0x0000000000000e80
Event: 77.448 Thread 0x00000203d22bd820 Uncommon trap: reason=unstable_if action=reinterpret pc=0x00000203bef9e3e0 method=java.util.concurrent.ConcurrentHashMap.computeIfAbsent(Ljava/lang/Object;Ljava/util/function/Function;)Ljava/lang/Object; @ 199 c2
Event: 77.448 Thread 0x00000203d22bd820 DEOPT PACKING pc=0x00000203bef9e3e0 sp=0x0000001a5dcf65d0
Event: 77.448 Thread 0x00000203d22bd820 DEOPT UNPACKING pc=0x00000203be107aa2 sp=0x0000001a5dcf6550 mode 2
Event: 77.477 Thread 0x00000203d56b1090 Uncommon trap: trap_request=0xffffff45 fr.pc=0x00000203bebf93e0 relative=0x00000000000019a0
Event: 77.477 Thread 0x00000203d56b1090 Uncommon trap: reason=unstable_if action=reinterpret pc=0x00000203bebf93e0 method=java.util.concurrent.ConcurrentHashMap.transfer([Ljava/util/concurrent/ConcurrentHashMap$Node;[Ljava/util/concurrent/ConcurrentHashMap$Node;)V @ 347 c2
Event: 77.477 Thread 0x00000203d56b1090 DEOPT PACKING pc=0x00000203bebf93e0 sp=0x0000001a604fdab0
Event: 77.477 Thread 0x00000203d56b1090 DEOPT UNPACKING pc=0x00000203be107aa2 sp=0x0000001a604fda50 mode 2
Event: 78.608 Thread 0x00000203d56b0a00 Uncommon trap: trap_request=0xffffff45 fr.pc=0x00000203be6b71b0 relative=0x0000000000001090
Event: 78.608 Thread 0x00000203d56b0a00 Uncommon trap: reason=unstable_if action=reinterpret pc=0x00000203be6b71b0 method=org.objectweb.asm.SymbolTable.addConstantMemberReference(ILjava/lang/String;Ljava/lang/String;Ljava/lang/String;)Lorg/objectweb/asm/SymbolTable$Entry; @ 51 c2
Event: 78.608 Thread 0x00000203d56b0a00 DEOPT PACKING pc=0x00000203be6b71b0 sp=0x0000001a601fa620
Event: 78.608 Thread 0x00000203d56b0a00 DEOPT UNPACKING pc=0x00000203be107aa2 sp=0x0000001a601fa5e8 mode 2
Event: 78.608 Thread 0x00000203d56b0a00 Uncommon trap: trap_request=0xffffff45 fr.pc=0x00000203beab6c64 relative=0x0000000000000d64
Event: 78.608 Thread 0x00000203d56b0a00 Uncommon trap: reason=unstable_if action=reinterpret pc=0x00000203beab6c64 method=org.objectweb.asm.SymbolTable.addConstantNameAndType(Ljava/lang/String;Ljava/lang/String;)I @ 66 c2
Event: 78.608 Thread 0x00000203d56b0a00 DEOPT PACKING pc=0x00000203beab6c64 sp=0x0000001a601fa570
Event: 78.608 Thread 0x00000203d56b0a00 DEOPT UNPACKING pc=0x00000203be107aa2 sp=0x0000001a601fa548 mode 2

Classes loaded (20 events):
Event: 27.893 Loading class sun/security/ssl/SSLEngineOutputRecord
Event: 27.894 Loading class sun/security/ssl/SSLEngineOutputRecord done
Event: 27.894 Loading class sun/security/ssl/SSLEngineOutputRecord$HandshakeFragment
Event: 27.895 Loading class sun/security/ssl/SSLEngineOutputRecord$HandshakeFragment done
Event: 27.895 Loading class sun/security/ssl/SSLEngineOutputRecord$HandshakeMemo
Event: 27.895 Loading class sun/security/ssl/SSLEngineOutputRecord$RecordMemo
Event: 27.895 Loading class sun/security/ssl/SSLEngineOutputRecord$RecordMemo done
Event: 27.895 Loading class sun/security/ssl/SSLEngineOutputRecord$HandshakeMemo done
Event: 27.993 Loading class sun/security/ssl/PreSharedKeyExtension$SHPreSharedKeySpec
Event: 27.993 Loading class sun/security/ssl/PreSharedKeyExtension$SHPreSharedKeySpec done
Event: 29.281 Loading class sun/security/ssl/ServerNameExtension$SHServerNamesSpec
Event: 29.281 Loading class sun/security/ssl/ServerNameExtension$SHServerNamesSpec done
Event: 34.070 Loading class com/sun/org/apache/xerces/internal/util/EncodingMap
Event: 34.076 Loading class com/sun/org/apache/xerces/internal/util/EncodingMap done
Event: 34.077 Loading class sun/nio/cs/ISO_8859_1$Decoder
Event: 34.079 Loading class sun/nio/cs/ISO_8859_1$Decoder done
Event: 44.443 Loading class java/util/Collections$ReverseComparator
Event: 44.445 Loading class java/util/Collections$ReverseComparator done
Event: 44.445 Loading class java/util/Collections$ReverseComparator2
Event: 44.446 Loading class java/util/Collections$ReverseComparator2 done

Classes unloaded (20 events):
Event: 43.007 Thread 0x00000203cb6dcaa0 Unloading class 0x00000001009fc568 '_BuildScript_$_run_closure1'
Event: 43.007 Thread 0x00000203cb6dcaa0 Unloading class 0x00000001009fc000 '_BuildScript_'
Event: 43.008 Thread 0x00000203cb6dcaa0 Unloading class 0x00000001009da420 '_BuildScript_$_run_closure1$_closure2$_closure3$_closure4'
Event: 43.008 Thread 0x00000203cb6dcaa0 Unloading class 0x00000001009da000 '_BuildScript_$_run_closure1$_closure2$_closure3'
Event: 43.008 Thread 0x00000203cb6dcaa0 Unloading class 0x00000001009d9988 '_BuildScript_$_run_closure1$_closure2'
Event: 43.008 Thread 0x00000203cb6dcaa0 Unloading class 0x00000001009d9568 '_BuildScript_$_run_closure1'
Event: 43.008 Thread 0x00000203cb6dcaa0 Unloading class 0x00000001009d9000 '_BuildScript_'
Event: 43.008 Thread 0x00000203cb6dcaa0 Unloading class 0x00000001009b0000 '_BuildScript_$_run_closure1$_closure3'
Event: 43.008 Thread 0x00000203cb6dcaa0 Unloading class 0x00000001009af988 '_BuildScript_$_run_closure1$_closure2'
Event: 43.008 Thread 0x00000203cb6dcaa0 Unloading class 0x00000001009af568 '_BuildScript_$_run_closure1'
Event: 43.008 Thread 0x00000203cb6dcaa0 Unloading class 0x00000001009af000 '_BuildScript_'
Event: 43.008 Thread 0x00000203cb6dcaa0 Unloading class 0x00000001009ae800 'JetGradlePlugin$_apply_closure1$_closure2$_closure3'
Event: 43.008 Thread 0x00000203cb6dcaa0 Unloading class 0x00000001009ac9f0 'JetGradlePlugin$_apply_closure1$_closure2'
Event: 43.008 Thread 0x00000203cb6dcaa0 Unloading class 0x00000001009ac5d0 'JetGradlePlugin$_apply_closure1'
Event: 43.008 Thread 0x00000203cb6dcaa0 Unloading class 0x00000001009ac300 'JetGradlePlugin'
Event: 43.008 Thread 0x00000203cb6dcaa0 Unloading class 0x00000001009ac000 'RegistryProcessor'
Event: 66.305 Thread 0x00000203cb6dcaa0 Unloading class 0x0000000100c43000 '_BuildScript_$_run_closure1$_closure3'
Event: 66.305 Thread 0x00000203cb6dcaa0 Unloading class 0x0000000100c42990 '_BuildScript_$_run_closure1$_closure2'
Event: 66.305 Thread 0x00000203cb6dcaa0 Unloading class 0x0000000100c42570 '_BuildScript_$_run_closure1'
Event: 66.305 Thread 0x00000203cb6dcaa0 Unloading class 0x0000000100c42000 '_BuildScript_'

Classes redefined (0 events):
No events

Internal exceptions (20 events):
Event: 77.459 Thread 0x00000203d56b3160 Exception <a 'sun/nio/fs/WindowsException'{0x000000008ecf9dd8}> (0x000000008ecf9dd8) 
thrown [s\src\hotspot\share\prims\jni.cpp, line 537]
Event: 77.462 Thread 0x00000203d56b3160 Exception <a 'sun/nio/fs/WindowsException'{0x000000008ecfc068}> (0x000000008ecfc068) 
thrown [s\src\hotspot\share\prims\jni.cpp, line 537]
Event: 77.463 Thread 0x00000203d56ac1d0 Exception <a 'sun/nio/fs/WindowsException'{0x000000008e2e4b28}> (0x000000008e2e4b28) 
thrown [s\src\hotspot\share\prims\jni.cpp, line 537]
Event: 77.474 Thread 0x00000203d56ac1d0 Exception <a 'sun/nio/fs/WindowsException'{0x000000008d5b8120}> (0x000000008d5b8120) 
thrown [s\src\hotspot\share\prims\jni.cpp, line 537]
Event: 77.474 Thread 0x00000203d56ac1d0 Exception <a 'sun/nio/fs/WindowsException'{0x000000008d5b8fb0}> (0x000000008d5b8fb0) 
thrown [s\src\hotspot\share\prims\jni.cpp, line 537]
Event: 77.474 Thread 0x00000203d56ac1d0 Exception <a 'sun/nio/fs/WindowsException'{0x000000008d5ba070}> (0x000000008d5ba070) 
thrown [s\src\hotspot\share\prims\jni.cpp, line 537]
Event: 77.474 Thread 0x00000203d56ac1d0 Exception <a 'sun/nio/fs/WindowsException'{0x000000008d5bb248}> (0x000000008d5bb248) 
thrown [s\src\hotspot\share\prims\jni.cpp, line 537]
Event: 77.481 Thread 0x00000203d56ac1d0 Exception <a 'sun/nio/fs/WindowsException'{0x000000008d5d73c0}> (0x000000008d5d73c0) 
thrown [s\src\hotspot\share\prims\jni.cpp, line 537]
Event: 77.495 Thread 0x00000203d56b1090 Exception <a 'sun/nio/fs/WindowsException'{0x000000008be2db18}> (0x000000008be2db18) 
thrown [s\src\hotspot\share\prims\jni.cpp, line 537]
Event: 77.495 Thread 0x00000203d56b1090 Exception <a 'sun/nio/fs/WindowsException'{0x000000008be2e9a8}> (0x000000008be2e9a8) 
thrown [s\src\hotspot\share\prims\jni.cpp, line 537]
Event: 77.495 Thread 0x00000203d56b1090 Exception <a 'sun/nio/fs/WindowsException'{0x000000008be2fa68}> (0x000000008be2fa68) 
thrown [s\src\hotspot\share\prims\jni.cpp, line 537]
Event: 77.495 Thread 0x00000203d56b1090 Exception <a 'sun/nio/fs/WindowsException'{0x000000008be30c40}> (0x000000008be30c40) 
thrown [s\src\hotspot\share\prims\jni.cpp, line 537]
Event: 77.503 Thread 0x00000203d56b1090 Exception <a 'sun/nio/fs/WindowsException'{0x000000008bb36f30}> (0x000000008bb36f30) 
thrown [s\src\hotspot\share\prims\jni.cpp, line 537]
Event: 77.503 Thread 0x00000203d56b1090 Exception <a 'sun/nio/fs/WindowsException'{0x000000008bb38078}> (0x000000008bb38078) 
thrown [s\src\hotspot\share\prims\jni.cpp, line 537]
Event: 78.564 Thread 0x00000203d56b1090 Exception <a 'sun/nio/fs/WindowsException'{0x00000000996bd6d0}> (0x00000000996bd6d0) 
thrown [s\src\hotspot\share\prims\jni.cpp, line 537]
Event: 78.603 Thread 0x00000203d56b1090 Exception <a 'sun/nio/fs/WindowsException'{0x000000009a1e2cf0}> (0x000000009a1e2cf0) 
thrown [s\src\hotspot\share\prims\jni.cpp, line 537]
Event: 78.603 Thread 0x00000203d56b1090 Exception <a 'sun/nio/fs/WindowsException'{0x000000009a039b10}> (0x000000009a039b10) 
thrown [s\src\hotspot\share\prims\jni.cpp, line 537]
Event: 78.603 Thread 0x00000203d56b1090 Exception <a 'sun/nio/fs/WindowsException'{0x000000009a04ca58}> (0x000000009a04ca58) 
thrown [s\src\hotspot\share\prims\jni.cpp, line 537]
Event: 78.603 Thread 0x00000203d56b1090 Exception <a 'sun/nio/fs/WindowsException'{0x000000009a087798}> (0x000000009a087798) 
thrown [s\src\hotspot\share\prims\jni.cpp, line 537]
Event: 78.617 Thread 0x00000203d56b1090 Exception <a 'sun/nio/fs/WindowsException'{0x0000000099775f30}> (0x0000000099775f30) 
thrown [s\src\hotspot\share\prims\jni.cpp, line 537]

ZGC Phase Switch (0 events):
No events

VM Operations (20 events):
Event: 76.528 Executing VM operation: G1CollectForAllocation (GCLocker Initiated GC) done
Event: 76.853 Executing VM operation: G1CollectForAllocation (G1 Evacuation Pause)
Event: 76.862 Executing VM operation: G1CollectForAllocation (G1 Evacuation Pause) done
Event: 76.980 Executing VM operation: G1PauseRemark
Event: 76.997 Executing VM operation: G1PauseRemark done
Event: 77.036 Executing VM operation: G1PauseCleanup
Event: 77.037 Executing VM operation: G1PauseCleanup done
Event: 77.268 Executing VM operation: G1CollectForAllocation (G1 Evacuation Pause)
Event: 77.278 Executing VM operation: G1CollectForAllocation (G1 Evacuation Pause) done
Event: 77.526 Executing VM operation: G1CollectForAllocation (G1 Evacuation Pause)
Event: 78.536 Executing VM operation: G1CollectForAllocation (G1 Evacuation Pause) done
Event: 78.538 Executing VM operation: G1TryInitiateConcMark (G1 Humongous Allocation)
Event: 78.545 Executing VM operation: G1TryInitiateConcMark (G1 Humongous Allocation) done
Event: 78.569 Executing VM operation: G1CollectForAllocation (G1 Evacuation Pause)
Event: 78.573 Executing VM operation: G1CollectForAllocation (G1 Evacuation Pause) done
Event: 78.588 Executing VM operation: G1CollectForAllocation (G1 Evacuation Pause)
Event: 78.593 Executing VM operation: G1CollectForAllocation (G1 Evacuation Pause) done
Event: 78.621 Executing VM operation: G1CollectForAllocation (G1 Evacuation Pause)
Event: 78.621 Executing VM operation: G1CollectForAllocation (G1 Evacuation Pause) done
Event: 78.621 Executing VM operation: G1CollectForAllocation (GCLocker Initiated GC)

Memory protections (0 events):
No events

Nmethod flushes (20 events):
Event: 76.995 Thread 0x00000203cb6dcaa0 flushing  nmethod 0x00000203b71d5a10
Event: 76.995 Thread 0x00000203cb6dcaa0 flushing  nmethod 0x00000203b7207a90
Event: 76.995 Thread 0x00000203cb6dcaa0 flushing  nmethod 0x00000203b7209e90
Event: 76.995 Thread 0x00000203cb6dcaa0 flushing  nmethod 0x00000203b720bb10
Event: 76.995 Thread 0x00000203cb6dcaa0 flushing  nmethod 0x00000203b72ed810
Event: 76.995 Thread 0x00000203cb6dcaa0 flushing  nmethod 0x00000203b72f5310
Event: 76.995 Thread 0x00000203cb6dcaa0 flushing  nmethod 0x00000203b739ce90
Event: 76.995 Thread 0x00000203cb6dcaa0 flushing  nmethod 0x00000203b7479990
Event: 76.995 Thread 0x00000203cb6dcaa0 flushing  nmethod 0x00000203b7683790
Event: 76.995 Thread 0x00000203cb6dcaa0 flushing  nmethod 0x00000203b7832b10
Event: 76.995 Thread 0x00000203cb6dcaa0 flushing  nmethod 0x00000203b7832f90
Event: 76.995 Thread 0x00000203cb6dcaa0 flushing  nmethod 0x00000203b7834110
Event: 76.995 Thread 0x00000203cb6dcaa0 flushing  nmethod 0x00000203b7834e10
Event: 76.995 Thread 0x00000203cb6dcaa0 flushing  nmethod 0x00000203b7835710
Event: 76.995 Thread 0x00000203cb6dcaa0 flushing  nmethod 0x00000203b788c290
Event: 76.995 Thread 0x00000203cb6dcaa0 flushing  nmethod 0x00000203b7915190
Event: 76.995 Thread 0x00000203cb6dcaa0 flushing  nmethod 0x00000203b7915790
Event: 76.995 Thread 0x00000203cb6dcaa0 flushing  nmethod 0x00000203b7d7ac10
Event: 76.995 Thread 0x00000203cb6dcaa0 flushing  nmethod 0x00000203b7f56a10
Event: 76.995 Thread 0x00000203cb6dcaa0 flushing  nmethod 0x00000203b8029710

Events (20 events):
Event: 50.861 Thread 0x00000203d22bd820 Thread added: 0x00000203d0e80600
Event: 50.861 Thread 0x00000203d22bd820 Thread added: 0x00000203d0e7f8e0
Event: 50.861 Thread 0x00000203d22bd820 Thread added: 0x00000203d0e7dea0
Event: 50.861 Thread 0x00000203d22bd820 Thread added: 0x00000203d0e80c90
Event: 54.137 Thread 0x00000203cb784a80 Thread added: 0x00000203d3db13a0
Event: 55.420 Thread 0x00000203d3db13a0 Thread exited: 0x00000203d3db13a0
Event: 73.807 Thread 0x00000203d22bd820 Thread added: 0x00000203d5961680
Event: 73.814 Thread 0x00000203d22bd820 Thread added: 0x00000203d5960ff0
Event: 73.818 Thread 0x00000203d22bd820 Thread added: 0x00000203d59602d0
Event: 73.822 Thread 0x00000203d22bd820 Thread added: 0x00000203d4252370
Event: 73.833 Thread 0x00000203cb785130 Thread added: 0x00000203d3daf190
Event: 73.879 Thread 0x00000203d22bd820 Thread added: 0x00000203d2fa1c80
Event: 73.885 Thread 0x00000203d22bd820 Thread added: 0x00000203d2fa29a0
Event: 73.895 Thread 0x00000203d22bd820 Thread added: 0x00000203d2fa3030
Event: 73.905 Thread 0x00000203d22bd820 Thread added: 0x00000203d2fa3d50
Event: 73.916 Thread 0x00000203d22bd820 Thread added: 0x00000203d2fa43e0
Event: 73.921 Thread 0x00000203d22bd820 Thread added: 0x00000203d2fa36c0
Event: 73.924 Thread 0x00000203d22bd820 Thread added: 0x00000203d2fa0f60
Event: 74.674 Thread 0x00000203d3daf190 Thread exited: 0x00000203d3daf190
Event: 74.790 Thread 0x00000203cb785130 Thread added: 0x00000203d3db13a0


Dynamic libraries:
0x00007ff7519c0000 - 0x00007ff7519ca000 	C:\Program Files\Android\Android Studio1\jbr\bin\java.exe
0x00007ffab3f60000 - 0x00007ffab41c7000 	C:\WINDOWS\SYSTEM32\ntdll.dll
0x00007ffab21e0000 - 0x00007ffab22a9000 	C:\WINDOWS\System32\KERNEL32.DLL
0x00007ffab1410000 - 0x00007ffab1801000 	C:\WINDOWS\System32\KERNELBASE.dll
0x00007ffaae0e0000 - 0x00007ffaae17f000 	C:\WINDOWS\SYSTEM32\apphelp.dll
0x00007ffab12c0000 - 0x00007ffab140b000 	C:\WINDOWS\System32\ucrtbase.dll
0x00007ffa7f800000 - 0x00007ffa7f81b000 	C:\Program Files\Android\Android Studio1\jbr\bin\VCRUNTIME140.dll
0x00007ffa7ae20000 - 0x00007ffa7ae38000 	C:\Program Files\Android\Android Studio1\jbr\bin\jli.dll
0x00007ffab2340000 - 0x00007ffab2505000 	C:\WINDOWS\System32\USER32.dll
0x00007ffab0840000 - 0x00007ffab0867000 	C:\WINDOWS\System32\win32u.dll
0x00007ffab2ab0000 - 0x00007ffab2adb000 	C:\WINDOWS\System32\GDI32.dll
0x00007ffab1190000 - 0x00007ffab12bb000 	C:\WINDOWS\System32\gdi32full.dll
0x00007ffab10e0000 - 0x00007ffab1183000 	C:\WINDOWS\System32\msvcp_win.dll
0x00007ffa9c6c0000 - 0x00007ffa9c953000 	C:\WINDOWS\WinSxS\amd64_microsoft.windows.common-controls_6595b64144ccf1df_6.0.26100.8037_none_3e092faae333b53b\COMCTL32.dll
0x00007ffab26e0000 - 0x00007ffab2789000 	C:\WINDOWS\System32\msvcrt.dll
0x00007ffab29b0000 - 0x00007ffab29e1000 	C:\WINDOWS\System32\IMM32.DLL
0x00007ffa86ed0000 - 0x00007ffa86edc000 	C:\Program Files\Android\Android Studio1\jbr\bin\vcruntime140_1.dll
0x00007ffa58ba0000 - 0x00007ffa58c2d000 	C:\Program Files\Android\Android Studio1\jbr\bin\msvcp140.dll
0x00007ff9ed260000 - 0x00007ff9edef6000 	C:\Program Files\Android\Android Studio1\jbr\bin\server\jvm.dll
0x00007ffab29f0000 - 0x00007ffab2aab000 	C:\WINDOWS\System32\ADVAPI32.dll
0x00007ffab3250000 - 0x00007ffab32f7000 	C:\WINDOWS\System32\sechost.dll
0x00007ffab1d10000 - 0x00007ffab1e28000 	C:\WINDOWS\System32\RPCRT4.dll
0x00007ffab2510000 - 0x00007ffab2584000 	C:\WINDOWS\System32\WS2_32.dll
0x00007ffab06a0000 - 0x00007ffab06fe000 	C:\WINDOWS\SYSTEM32\POWRPROF.dll
0x00007ffaa8190000 - 0x00007ffaa81c5000 	C:\WINDOWS\SYSTEM32\WINMM.dll
0x00007ffaaac70000 - 0x00007ffaaac7b000 	C:\WINDOWS\SYSTEM32\VERSION.dll
0x00007ffab0680000 - 0x00007ffab0694000 	C:\WINDOWS\SYSTEM32\UMPDC.dll
0x00007ffaaf5a0000 - 0x00007ffaaf5bb000 	C:\WINDOWS\SYSTEM32\kernel.appcore.dll
0x00007ffa86e50000 - 0x00007ffa86e5a000 	C:\Program Files\Android\Android Studio1\jbr\bin\jimage.dll
0x00007ffa9d480000 - 0x00007ffa9d6c2000 	C:\WINDOWS\SYSTEM32\DBGHELP.DLL
0x00007ffab1e50000 - 0x00007ffab21d2000 	C:\WINDOWS\System32\combase.dll
0x00007ffab2d40000 - 0x00007ffab2e17000 	C:\WINDOWS\System32\OLEAUT32.dll
0x00007ffa9a8d0000 - 0x00007ffa9a90b000 	C:\WINDOWS\SYSTEM32\dbgcore.DLL
0x00007ffab1a10000 - 0x00007ffab1ab5000 	C:\WINDOWS\System32\bcryptPrimitives.dll
0x00007ffa87cc0000 - 0x00007ffa87cce000 	C:\Program Files\Android\Android Studio1\jbr\bin\instrument.dll
0x00007ffa7b8b0000 - 0x00007ffa7b8d0000 	C:\Program Files\Android\Android Studio1\jbr\bin\java.dll
0x00007ffa79450000 - 0x00007ffa79468000 	C:\Program Files\Android\Android Studio1\jbr\bin\zip.dll
0x00007ffab37a0000 - 0x00007ffab3eff000 	C:\WINDOWS\System32\SHELL32.dll
0x00007ffab1810000 - 0x00007ffab197a000 	C:\WINDOWS\System32\wintypes.dll
0x00007ffab0870000 - 0x00007ffab10d4000 	C:\WINDOWS\System32\windows.storage.dll
0x00007ffab2590000 - 0x00007ffab2687000 	C:\WINDOWS\System32\SHCORE.dll
0x00007ffab2e20000 - 0x00007ffab2e87000 	C:\WINDOWS\System32\shlwapi.dll
0x00007ffab0760000 - 0x00007ffab0789000 	C:\WINDOWS\SYSTEM32\profapi.dll
0x00007ffa85350000 - 0x00007ffa85360000 	C:\Program Files\Android\Android Studio1\jbr\bin\net.dll
0x00007ffaa9910000 - 0x00007ffaa9a37000 	C:\WINDOWS\SYSTEM32\WINHTTP.dll
0x00007ffaafb20000 - 0x00007ffaafb8b000 	C:\WINDOWS\system32\mswsock.dll
0x00007ffa79430000 - 0x00007ffa79446000 	C:\Program Files\Android\Android Studio1\jbr\bin\nio.dll
0x00007ffa7b560000 - 0x00007ffa7b570000 	C:\Program Files\Android\Android Studio1\jbr\bin\verify.dll
0x00007ffa7b5b0000 - 0x00007ffa7b5d7000 	C:\Users\rithv\.gradle\native\c067742578af261105cb4f569cf0c3c89f3d7b1fecec35dd04571415982c5e48\windows-amd64\native-platform.dll
0x00007ffa31920000 - 0x00007ffa31a64000 	C:\Users\rithv\.gradle\native\100fb08df4bc3b14c8652ba06237920a3bd2aa13389f12d3474272988ae205f9\windows-amd64\native-platform-file-events.dll
0x00007ffa80120000 - 0x00007ffa80129000 	C:\Program Files\Android\Android Studio1\jbr\bin\management.dll
0x00007ffa7fdb0000 - 0x00007ffa7fdbb000 	C:\Program Files\Android\Android Studio1\jbr\bin\management_ext.dll
0x00007ffab3f10000 - 0x00007ffab3f18000 	C:\WINDOWS\System32\PSAPI.DLL
0x00007ffaafe20000 - 0x00007ffaafe3b000 	C:\WINDOWS\SYSTEM32\CRYPTSP.dll
0x00007ffaaf500000 - 0x00007ffaaf539000 	C:\WINDOWS\system32\rsaenh.dll
0x00007ffaafbd0000 - 0x00007ffaafc02000 	C:\WINDOWS\SYSTEM32\USERENV.dll
0x00007ffab0730000 - 0x00007ffab075a000 	C:\WINDOWS\SYSTEM32\bcrypt.dll
0x00007ffaafe40000 - 0x00007ffaafe4c000 	C:\WINDOWS\SYSTEM32\CRYPTBASE.dll
0x00007ffaaef80000 - 0x00007ffaaefb3000 	C:\WINDOWS\SYSTEM32\IPHLPAPI.DLL
0x00007ffab1d00000 - 0x00007ffab1d0a000 	C:\WINDOWS\System32\NSI.dll
0x00007ffa80690000 - 0x00007ffa80699000 	C:\Program Files\Android\Android Studio1\jbr\bin\extnet.dll
0x00007ffa6ee30000 - 0x00007ffa6ee38000 	C:\WINDOWS\system32\wshunix.dll
0x00007ffaaf6c0000 - 0x00007ffaaf6f6000 	C:\WINDOWS\SYSTEM32\ntmarta.dll
0x00007ffaaefc0000 - 0x00007ffaaf0ea000 	C:\WINDOWS\SYSTEM32\DNSAPI.dll
0x00007ffa9f380000 - 0x00007ffa9f38b000 	C:\Windows\System32\rasadhlp.dll
0x00007ffaa78a0000 - 0x00007ffaa7926000 	C:\WINDOWS\System32\fwpuclnt.dll

JVMTI agents:
C:\Users\rithv\.gradle\wrapper\dists\gradle-8.11.1-bin\bpt9gzteqjrbo1mjrsomdt32c\gradle-8.11.1\lib\agents\gradle-instrumentation-agent-8.11.1.jar path:C:\Program Files\Android\Android Studio1\jbr\bin\instrument.dll, loaded, initialized, instrumentlib options:none

dbghelp: loaded successfully - version: 4.0.5 - missing functions: none
symbol engine: initialized successfully - sym options: 0x614 - pdb path: .;C:\Program Files\Android\Android Studio1\jbr\bin;C:\WINDOWS\SYSTEM32;C:\WINDOWS\WinSxS\amd64_microsoft.windows.common-controls_6595b64144ccf1df_6.0.26100.8037_none_3e092faae333b53b;C:\Program Files\Android\Android Studio1\jbr\bin\server;C:\Users\rithv\.gradle\native\c067742578af261105cb4f569cf0c3c89f3d7b1fecec35dd04571415982c5e48\windows-amd64;C:\Users\rithv\.gradle\native\100fb08df4bc3b14c8652ba06237920a3bd2aa13389f12d3474272988ae205f9\windows-amd64

VM Arguments:
jvm_args: --add-opens=java.base/java.lang=ALL-UNNAMED --add-opens=java.base/java.lang.invoke=ALL-UNNAMED --add-opens=java.base/java.util=ALL-UNNAMED --add-opens=java.prefs/java.util.prefs=ALL-UNNAMED --add-exports=jdk.compiler/com.sun.tools.javac.api=ALL-UNNAMED --add-exports=jdk.compiler/com.sun.tools.javac.util=ALL-UNNAMED --add-opens=java.base/java.util=ALL-UNNAMED --add-opens=java.prefs/java.util.prefs=ALL-UNNAMED --add-opens=java.base/java.nio.charset=ALL-UNNAMED --add-opens=java.base/java.net=ALL-UNNAMED --add-opens=java.base/java.util.concurrent.atomic=ALL-UNNAMED --add-opens=java.xml/javax.xml.namespace=ALL-UNNAMED -Xmx2048m -Dfile.encoding=UTF-8 -Duser.country=IN -Duser.language=en -Duser.variant -javaagent:C:\Users\rithv\.gradle\wrapper\dists\gradle-8.11.1-bin\bpt9gzteqjrbo1mjrsomdt32c\gradle-8.11.1\lib\agents\gradle-instrumentation-agent-8.11.1.jar 
java_command: org.gradle.launcher.daemon.bootstrap.GradleDaemon 8.11.1
java_class_path (initial): C:\Users\rithv\.gradle\wrapper\dists\gradle-8.11.1-bin\bpt9gzteqjrbo1mjrsomdt32c\gradle-8.11.1\lib\gradle-daemon-main-8.11.1.jar
Launcher Type: SUN_STANDARD

[Global flags]
     intx CICompilerCount                          = 4                                         {product} {ergonomic}
     uint ConcGCThreads                            = 3                                         {product} {ergonomic}
     uint G1ConcRefinementThreads                  = 10                                        {product} {ergonomic}
   size_t G1HeapRegionSize                         = 1048576                                   {product} {ergonomic}
    uintx GCDrainStackTargetSize                   = 64                                        {product} {ergonomic}
   size_t InitialHeapSize                          = 130023424                                 {product} {ergonomic}
   size_t MarkStackSize                            = 4194304                                   {product} {ergonomic}
   size_t MaxHeapSize                              = 2147483648                                {product} {command line}
   size_t MaxNewSize                               = 1287651328                                {product} {ergonomic}
   size_t MinHeapDeltaBytes                        = 1048576                                   {product} {ergonomic}
   size_t MinHeapSize                              = 8388608                                   {product} {ergonomic}
    uintx NonNMethodCodeHeapSize                   = 5839372                                {pd product} {ergonomic}
    uintx NonProfiledCodeHeapSize                  = 122909434                              {pd product} {ergonomic}
    uintx ProfiledCodeHeapSize                     = 122909434                              {pd product} {ergonomic}
    uintx ReservedCodeCacheSize                    = 251658240                              {pd product} {ergonomic}
     bool SegmentedCodeCache                       = true                                      {product} {ergonomic}
   size_t SoftMaxHeapSize                          = 2147483648                             {manageable} {ergonomic}
     bool UseCompressedOops                        = true                           {product lp64_product} {ergonomic}
     bool UseG1GC                                  = true                                      {product} {ergonomic}
     bool UseLargePagesIndividualAllocation        = false                                  {pd product} {ergonomic}

Logging:
Log output configuration:
 #0: stdout all=warning uptime,level,tags foldmultilines=false
 #1: stderr all=off uptime,level,tags foldmultilines=false

Release file:
JAVA_VERSION="21.0.9" 
MODULES="java.base java.compiler java.datatransfer java.xml java.prefs java.desktop java.instrument java.logging java.management java.security.sasl java.naming java.rmi java.management.rmi java.net.http java.scripting java.security.jgss java.transaction.xa java.sql java.sql.rowset java.xml.crypto java.se java.smartcardio jdk.accessibility jdk.internal.jvmstat jdk.attach jdk.charsets jdk.internal.opt jdk.zipfs jdk.compiler jdk.crypto.ec jdk.crypto.cryptoki jdk.dynalink jdk.hotspot.agent jdk.httpserver jdk.internal.ed jdk.internal.le jdk.internal.vm.ci jdk.jartool jdk.javadoc jdk.jcmd jdk.jdeps jdk.jdwp.agent jdk.jdi jdk.jfr jdk.jlink jdk.jsobject jdk.localedata jdk.management jdk.management.agent jdk.management.jfr jdk.naming.dns jdk.naming.rmi jdk.net jdk.sctp jdk.security.auth jdk.security.jgss jdk.unsupported jdk.unsupported.desktop jdk.xml.dom" 
IMPLEMENTOR="JetBrains s.r.o." 
JAVA_RUNTIME_VERSION="21.0.9+-14787801-b1163.94" 
LIBC="default" 
OS_ARCH="x86_64" 
OS_NAME="Windows" 
SOURCE=".:git:0c757ddc9f2f" 

Environment Variables:
PATH=C:\Program Files (x86)\VMware\VMware Workstation\bin\;C:\WINDOWS\system32;C:\WINDOWS;C:\WINDOWS\System32\Wbem;C:\WINDOWS\System32\WindowsPowerShell\v1.0\;C:\WINDOWS\System32\OpenSSH\;C:\Program Files\Git\cmd;C:\Program Files\Docker\Docker\resources\bin;C:\Program Files\Kubernetes\Minikube;C:\Program Files\nodejs\;C:\Program Files\MySQL\MySQL Shell 8.0\bin\;C:\Users\rithv\scoop\shims;C:\WINDOWS\system32;C:\WINDOWS;C:\WINDOWS\System32\Wbem;C:\WINDOWS\System32\WindowsPowerShell\v1.0\;C:\WINDOWS\System32\OpenSSH\;C:\Program Files\Git\cmd;C:\Program Files\Docker\Docker\resources\bin;C:\Users\rithv\AppData\Local\Microsoft\WindowsApps;C:\Users\rithv\AppData\Local\Programs\Microsoft VS Code\bin;C:\ProgramData\chocolatey\bin;C:\Program Files\MySQL\MySQL Server 8.0\bin;;C:\Users\rithv\AppData\Local\Programs\Ollama;C:\Users\rithv\AppData\Local\Programs\Antigravity\bin;C:\Users\rithv\AppData\Roaming\npm
USERNAME=hallucinated enzyme
OS=Windows_NT
PROCESSOR_IDENTIFIER=Intel64 Family 6 Model 167 Stepping 1, GenuineIntel
TMP=C:\Users\rithv\AppData\Local\Temp
TEMP=C:\Users\rithv\AppData\Local\Temp




Periodic native trim disabled

JNI global refs:
JNI global refs: 30, weak refs: 42

JNI global refs memory usage: 835, weak refs: 833

Process memory usage:
Resident Set Size: 624864K (7% of 8102980K total physical memory with 396088K free physical memory)

OOME stack traces (most recent first):
Classloader memory used:
Loader org.gradle.internal.classloader.VisitableURLClassLoader                         : 41397K
Loader bootstrap                                                                       : 31858K
Loader org.gradle.initialization.MixInLegacyTypesClassLoader                           : 13218K
Loader jdk.internal.loader.ClassLoaders$AppClassLoader                                 : 8068K
Loader jdk.internal.loader.ClassLoaders$PlatformClassLoader                            : 1019K
Loader org.gradle.internal.classloader.VisitableURLClassLoader                         : 983K
Loader org.gradle.internal.classloader.VisitableURLClassLoader$InstrumentingVisitableURLClassLoader: 696K
Loader jdk.internal.reflect.DelegatingClassLoader                                      : 266K
Loader org.gradle.groovy.scripts.internal.DefaultScriptCompilationHandler$ScriptClassLoader: 180K
Loader org.codehaus.groovy.runtime.callsite.CallSiteClassLoader                        : 57264B

Classes loaded by more than one classloader:
Class org.gradle.internal.IoActions                                                   : loaded 3 times (x 71B)
Class org.gradle.api.Action                                                           : loaded 3 times (x 70B)
Class org.gradle.internal.Cast                                                        : loaded 3 times (x 71B)
Class org.gradle.api.GradleException                                                  : loaded 3 times (x 82B)
Class settings_4uloia58koclps9h465xulm7h$_run_closure1$_closure2                      : loaded 2 times (x 139B)
Class com.google.common.collect.UnmodifiableListIterator                              : loaded 2 times (x 95B)
Class org.gradle.internal.operations.MultipleBuildOperationFailures                   : loaded 2 times (x 95B)
Class org.gradle.internal.classloader.DefaultClassLoaderFactory                       : loaded 2 times (x 82B)
Class kotlin.collections.AbstractList$Companion                                       : loaded 2 times (x 71B)
Class org.gradle.internal.classloader.ClassLoaderVisitor                              : loaded 2 times (x 76B)
Class org.gradle.api.internal.classpath.EffectiveClassPath                            : loaded 2 times (x 90B)
Class org.gradle.tooling.internal.gradle.DefaultProjectIdentifier                     : loaded 2 times (x 86B)
Class org.gradle.api.internal.DefaultClassPathProvider                                : loaded 2 times (x 76B)
Class [Lorg.gradle.api.internal.ClassPathProvider;                                    : loaded 2 times (x 69B)
Class org.gradle.api.internal.ClassPathProvider                                       : loaded 2 times (x 70B)
Class org.gradle.internal.service.UnknownServiceException                             : loaded 2 times (x 83B)
Class org.gradle.internal.classpath.TransformedClassPath                              : loaded 2 times (x 96B)
Class org.gradle.internal.classloader.InstrumentingClassLoader                        : loaded 2 times (x 70B)
Class com.google.common.collect.Iterators$ArrayItr                                    : loaded 2 times (x 97B)
Class kotlin.enums.EnumEntriesList                                                    : loaded 2 times (x 223B)
Class com.google.common.collect.UnmodifiableIterator                                  : loaded 2 times (x 80B)
Class org.gradle.internal.service.ServiceLocator                                      : loaded 2 times (x 70B)
Class com.intellij.gradle.toolingExtension.util.GradleVersionUtil                     : loaded 2 times (x 71B)
Class org.gradle.tooling.model.UnsupportedMethodException                             : loaded 2 times (x 82B)
Class ijInit1_cs7hto1sskw456zfkvv934xkv                                               : loaded 2 times (x 179B)
Class com.google.common.collect.Iterators                                             : loaded 2 times (x 71B)
Class com.google.common.collect.Lists$StringAsImmutableList                           : loaded 2 times (x 207B)
Class org.gradle.internal.InternalTransformer                                         : loaded 2 times (x 70B)
Class org.gradle.internal.time.DefaultTimer                                           : loaded 2 times (x 80B)
Class org.gradle.internal.classloader.ClasspathUtil$1                                 : loaded 2 times (x 76B)
Class org.gradle.api.internal.classpath.DefaultModuleRegistry$DefaultModule           : loaded 2 times (x 86B)
Class com.google.common.collect.AbstractIterator                                      : loaded 2 times (x 82B)
Class com.google.common.collect.AbstractIndexedListIterator                           : loaded 2 times (x 96B)
Class org.gradle.internal.time.DefaultCountdownTimer                                  : loaded 2 times (x 88B)
Class org.gradle.tooling.internal.gradle.DefaultBuildIdentifier                       : loaded 2 times (x 79B)
Class org.gradle.api.internal.classpath.Module                                        : loaded 2 times (x 70B)
Class sync_studio_tooling_66z4e45kbtroc81fpj39dq4c                                    : loaded 2 times (x 179B)
Class org.gradle.api.internal.classpath.UnknownModuleException                        : loaded 2 times (x 82B)
Class org.gradle.tooling.internal.gradle.GradleProjectIdentity                        : loaded 2 times (x 70B)
Class org.gradle.api.internal.DefaultClassPathRegistry                                : loaded 2 times (x 76B)
Class org.gradle.api.internal.ClassPathRegistry                                       : loaded 2 times (x 70B)
Class org.gradle.api.internal.classpath.ManifestUtil                                  : loaded 2 times (x 71B)
Class org.gradle.internal.classpath.ClassPath                                         : loaded 2 times (x 70B)
Class org.gradle.api.UncheckedIOException                                             : loaded 2 times (x 82B)
Class com.google.common.collect.Iterators$1                                           : loaded 2 times (x 81B)
Class org.gradle.tooling.model.Model                                                  : loaded 2 times (x 70B)
Class kotlin.UninitializedPropertyAccessException                                     : loaded 2 times (x 82B)
Class com.google.common.collect.Iterators$4                                           : loaded 2 times (x 82B)
Class org.gradle.internal.installation.GradleInstallation$1                           : loaded 2 times (x 75B)
Class org.gradle.api.internal.classpath.ModuleRegistry                                : loaded 2 times (x 70B)
Class com.google.common.collect.Iterators$5                                           : loaded 2 times (x 82B)
Class settings_4uloia58koclps9h465xulm7h$_run_closure1                                : loaded 2 times (x 139B)
Class com.google.common.collect.ImmutableCollection                                   : loaded 2 times (x 125B)
Class org.gradle.api.internal.classpath.DefaultModuleRegistry                         : loaded 2 times (x 86B)
Class com.google.common.collect.Lists                                                 : loaded 2 times (x 71B)
Class com.google.common.collect.Iterators$9                                           : loaded 2 times (x 81B)
Class org.gradle.internal.time.MonotonicClock                                         : loaded 2 times (x 77B)
Class org.gradle.internal.service.ServiceLookupException                              : loaded 2 times (x 82B)
Class org.gradle.internal.classloader.ClassLoaderFactory                              : loaded 2 times (x 70B)
Class org.gradle.internal.service.CachingServiceLocator                               : loaded 2 times (x 82B)
Class org.gradle.internal.time.TimeSource                                             : loaded 2 times (x 70B)
Class org.gradle.tooling.internal.gradle.GradleBuildIdentity                          : loaded 2 times (x 70B)
Class kotlin.enums.EnumEntries                                                        : loaded 2 times (x 70B)
Class org.gradle.internal.exceptions.ResolutionProvider                               : loaded 2 times (x 70B)
Class org.gradle.tooling.model.ProjectIdentifier                                      : loaded 2 times (x 70B)
Class org.gradle.internal.classloader.ClasspathUtil                                   : loaded 2 times (x 71B)
Class org.gradle.internal.time.TimeSource$1                                           : loaded 2 times (x 77B)
Class kotlin.jvm.internal.DefaultConstructorMarker                                    : loaded 2 times (x 71B)
Class org.gradle.api.specs.Spec                                                       : loaded 2 times (x 70B)
Class com.intellij.gradle.toolingExtension.impl.model.utilDummyModel.DummyModel       : loaded 2 times (x 70B)
Class org.gradle.internal.time.Clock                                                  : loaded 2 times (x 70B)
Class kotlin.collections.AbstractList                                                 : loaded 2 times (x 197B)
Class kotlin.collections.AbstractCollection                                           : loaded 2 times (x 117B)
Class org.gradle.internal.classloader.VisitableURLClassLoader$InstrumentingVisitableURLClassLoader: loaded 2 times (x 123B)
Class org.gradle.internal.classloader.VisitableURLClassLoader$Spec                    : loaded 2 times (x 74B)
Class org.gradle.internal.classpath.DefaultClassPath                                  : loaded 2 times (x 90B)
Class org.gradle.util.internal.DefaultGradleVersion                                   : loaded 2 times (x 82B)
Class org.gradle.internal.classloader.ClassLoaderSpec                                 : loaded 2 times (x 71B)
Class org.gradle.internal.classloader.VisitableURLClassLoader                         : loaded 2 times (x 117B)
Class org.gradle.internal.classloader.ClassLoaderHierarchy                            : loaded 2 times (x 70B)
Class org.gradle.internal.classloader.FilteringClassLoader                            : loaded 2 times (x 105B)
Class org.gradle.internal.classpath.DefaultClassPath$ImmutableUniqueList$Builder      : loaded 2 times (x 75B)
Class org.gradle.internal.classpath.DefaultClassPath$ImmutableUniqueList              : loaded 2 times (x 199B)
Class org.gradle.internal.exceptions.NonGradleCauseExceptionsHolder                   : loaded 2 times (x 70B)
Class kotlin.NotImplementedError                                                      : loaded 2 times (x 82B)
Class kotlin.enums.EnumEntriesKt                                                      : loaded 2 times (x 71B)
Class org.gradle.internal.classloader.SystemClassLoaderSpec                           : loaded 2 times (x 71B)
Class org.gradle.internal.exceptions.MultiCauseException                              : loaded 2 times (x 70B)
Class org.gradle.internal.time.CountdownTimer                                         : loaded 2 times (x 70B)
Class kotlin.jvm.internal.Intrinsics                                                  : loaded 2 times (x 71B)
Class org.gradle.tooling.model.ProjectModel                                           : loaded 2 times (x 70B)
Class kotlin.KotlinNullPointerException                                               : loaded 2 times (x 83B)
Class org.gradle.internal.exceptions.DefaultMultiCauseException                       : loaded 2 times (x 95B)
Class com.google.common.base.Preconditions                                            : loaded 2 times (x 71B)
Class com.google.common.collect.PeekingIterator                                       : loaded 2 times (x 70B)
Class org.gradle.internal.time.Time                                                   : loaded 2 times (x 71B)
Class org.gradle.api.internal.classpath.GlobalCacheRootsProvider                      : loaded 2 times (x 70B)
Class org.gradle.tooling.model.BuildIdentifier                                        : loaded 2 times (x 70B)
Class kotlin.NoWhenBranchMatchedException                                             : loaded 2 times (x 82B)
Class org.gradle.internal.time.Timer                                                  : loaded 2 times (x 70B)
Class kotlin.jvm.internal.markers.KMappedMarker                                       : loaded 2 times (x 70B)
Class org.gradle.internal.installation.CurrentGradleInstallationLocator               : loaded 2 times (x 71B)
Class com.google.common.collect.ImmutableList                                         : loaded 2 times (x 206B)
Class org.gradle.internal.service.DefaultServiceLocator                               : loaded 2 times (x 83B)
Class org.gradle.util.GradleVersion                                                   : loaded 2 times (x 81B)
Class org.gradle.internal.installation.CurrentGradleInstallation                      : loaded 2 times (x 73B)
Class org.gradle.util.internal.GUtil                                                  : loaded 2 times (x 71B)
Class settings_4uloia58koclps9h465xulm7h                                              : loaded 2 times (x 179B)
Class com.google.common.collect.Iterators$MergingIterator                             : loaded 2 times (x 81B)
Class org.gradle.internal.installation.GradleInstallation                             : loaded 2 times (x 75B)

---------------  S Y S T E M  ---------------

OS:
 Windows 11 , 64 bit Build 26100 (10.0.26100.7920)
OS uptime: 18 days 15:04 hours
Hyper-V role detected

CPU: total 12 (initial active 12) (6 cores per cpu, 2 threads per core) family 6 model 167 stepping 1 microcode 0x50, cx8, cmov, fxsr, ht, mmx, 3dnowpref, sse, sse2, sse3, ssse3, sse4.1, sse4.2, popcnt, lzcnt, tsc, tscinvbit, avx, avx2, aes, erms, clmul, bmi1, bmi2, adx, avx512f, avx512dq, avx512cd, avx512bw, avx512vl, sha, fma, vzeroupper, avx512_vpopcntdq, avx512_vpclmulqdq, avx512_vaes, avx512_vnni, clflush, clflushopt, avx512_vbmi2, avx512_vbmi, hv, rdtscp, rdpid, fsrm, gfni, avx512_bitalg, f16c, avx512_ifma
Processor Information for the first 12 processors :
  Max Mhz: 2712, Current Mhz: 2712, Mhz Limit: 2712

Memory: 4k page, system-wide physical 7913M (380M free)
TotalPageFile size 32489M (AvailPageFile size 130M)
current process WorkingSet (physical memory assigned to process): 610M, peak: 611M
current process commit charge ("private bytes"): 793M, peak: 1440M

vm_info: OpenJDK 64-Bit Server VM (21.0.9+-14787801-b1163.94) for windows-amd64 JRE (21.0.9+-14787801-b1163.94), built on 2026-01-27T21:15:44Z by "builder" with MS VC++ 16.10 / 16.11 (VS2019)

END.
